Date,Ticker,Shares,Buy Price,Cost Basis,Stop Loss,Current Price,Total Value,PnL,Action,Cash Balance,Total Equity
2025-09-19,IOBT,28.0,1.57,43.96,1.3,1.56,43.68,-0.28,HOLD,,
2025-09-19,TOTAL,,,,,,43.68,-0.28,,98.45,142.13
2025-09-22,IOBT,28.0,1.57,43.96,1.3,1.49,41.72,-2.24,HOLD,,
2025-09-22,SPRO,22.0,2.0,44.0,1.75,2.03,44.66,0.66,HOLD,,
2025-09-22,ABAT,18.0,3.0,54.0,2.6,3.77,67.86,13.86,HOLD,,
2025-09-22,TOTAL,,,,,,154.24,12.28,,0.45,154.69
2025-09-23,IOBT,28.0,1.57,43.96,1.3,1.6,44.8,0.84,HOLD,,
2025-09-23,SPRO,22.0,2.0,44.0,1.75,2.01,44.22,0.22,HOLD,,
2025-09-23,ABAT,12.0,3.0,36.0,2.6,4.13,49.56,13.56,HOLD,,
2025-09-23,TOTAL,,,,,,138.58,14.62,,23.73,162.31
2025-09-24,IOBT,28.0,1.57,43.96,1.3,1.58,44.24,0.28,HOLD,,
2025-09-24,SPRO,33.0,2.0033333333333334,66.11,0.0,1.97,65.01,-1.1,HOLD,,
2025-09-24,ABAT,12.0,3.0,36.0,2.6,4.7,56.4,20.4,HOLD,,
2025-09-24,TOTAL,,,,,,165.65,19.58,,1.62,167.27
2025-09-25,IOBT,28.0,1.57,43.96,1.3,1.58,44.24,0.28,HOLD,,
2025-09-25,SPRO,33.0,2.0033333333333334,66.11,0.0,1.94,64.02,-2.09,HOLD,,
2025-09-25,ABAT,12.0,3.0,36.0,2.6,4.34,52.08,16.08,HOLD,,
2025-09-25,TOTAL,,,,,,160.34,14.27,,1.62,161.96
2025-09-26,IOBT,28.0,1.57,43.96,0.0,1.58,44.24,0.28,HOLD,,
2025-09-26,SPRO,33.0,2.0033333333333334,66.11,0.0,1.89,62.37,-3.74,HOLD,,
2025-09-26,ABAT,12.0,3.0,36.0,2.6,4.38,52.56,16.56,HOLD,,
2025-09-26,TOTAL,,,,,,159.17,13.1,,1.62,160.79
2025-09-29,IOBT,28.0,1.57,43.96,0.0,0.37,10.36,-33.6,HOLD,,
2025-09-29,SPRO,33.0,2.0033333333333334,66.11,0.0,1.9,62.7,-3.41,HOLD,,
2025-09-29,ABAT,12.0,3.0,36.0,2.6,5.16,61.92,25.92,HOLD,,
2025-09-29,TOTAL,,,,,,134.98,-11.09,,1.62,136.6
2025-09-30,SPRO,33.0,2.0033333333333334,66.11,1.7,1.88,62.04,-4.07,HOLD,,
2025-09-30,ABAT,12.0,3.0,36.0,2.6,4.86,58.32,22.32,HOLD,,
2025-09-30,TOTAL,,,,,,120.36,18.25,,12.12,132.48
2025-10-01,SPRO,33.0,2.0033333333333334,66.11,1.7,1.96,64.68,-1.43,HOLD,,
2025-10-01,ABAT,12.0,3.0,36.0,2.6,5.19,62.28,26.28,HOLD,,
2025-10-01,TOTAL,,,,,,126.96,24.85,,12.12,139.08
2025-10-02,SPRO,33.0,2.0033333333333334,66.11,1.7,2.03,66.99,0.88,HOLD,,
2025-10-02,ABAT,12.0,3.0,36.0,2.6,5.01,60.12,24.12,HOLD,,
2025-10-02,TOTAL,,,,,,127.11,25.0,,12.06,139.77
2025-10-03,SPRO,33.0,2.0033333333333334,66.11,1.7,2.05,67.65,1.54,HOLD,,
2025-10-03,ABAT,12.0,3.0,36.0,2.6,4.88,58.56,22.56,HOLD,,
2025-10-03,TOTAL,,,,,,126.21,24.1,,12.06,138.27
2025-10-06,SPRO,33.0,2.0033333333333334,66.11,1.75,2.09,68.97,2.86,HOLD,,
2025-10-06,ABAT,8.0,3.0,24.0,4.0,5.36,42.88,18.88,HOLD,,
2025-10-06,TOTAL,,,,,,111.85,21.74,,32.86,144.71
2025-10-07,SPRO,33.0,2.0033333333333334,66.11,1.75,2.16,71.28,5.17,HOLD,,
2025-10-07,ABAT,8.0,3.0,24.0,4.0,5.56,44.48,20.48,HOLD,,
2025-10-07,TOTAL,,,,,,115.76,25.65,,32.86,149.34
2025-10-08,SPRO,33.0,2.0033333333333334,66.11,1.75,2.28,75.24,9.13,HOLD,,
2025-10-08,ABAT,8.0,3.0,24.0,4.0,5.98,47.84,23.84,HOLD,,
2025-10-08,BEEM,9.0,3.35,30.15,2.8,3.35,30.15,0.45,HOLD,,
2025-10-08,TOTAL,,,,,,153.23,33.42,,3.16,156.39
2025-10-09,SPRO,33.0,2.0033333333333334,66.11,1.75,2.36,77.88,11.77,HOLD,,
2025-10-09,ABAT,8.0,3.0,24.0,4.0,6.24,49.92,25.92,HOLD,,
2025-10-09,BEEM,9.0,3.35,30.15,2.8,3.34,30.06,-0.09,HOLD,,
2025-10-09,TOTAL,,,,,,157.86,37.6,,3.16,161.02
2025-10-10,SPRO,33.0,2.0033333333333334,66.11,1.75,2.25,74.25,8.14,HOLD,,
2025-10-10,ABAT,8.0,3.0,24.0,4.0,6.75,54.0,30.0,HOLD,,
2025-10-10,BEEM,9.0,3.35,30.15,2.8,3.38,30.42,0.27,HOLD,,
2025-10-10,TOTAL,,,,,,158.67,38.41,,3.16,161.83
2025-10-14,SPRO,33.0,2.0033333333333334,66.11,1.95,2.36,77.88,11.77,HOLD,,
2025-10-14,ABAT,2.0,3.0,6.0,9.6,11.33,22.66,16.66,HOLD,,
2025-10-14,BEEM,9.0,3.35,30.15,3.35,3.88,34.92,4.77,HOLD,,
2025-10-14,TOTAL,,,,,,135.46,33.2,,54.76,190.22
2025-10-15,SPRO,33.0,2.0033333333333334,66.11,2.15,2.49,82.17,16.06,HOLD,,
2025-10-15,BEEM,9.0,3.35,30.15,3.35,3.65,32.85,2.7,HOLD,,
2025-10-15,TOTAL,,,,,,115.02,18.76,,77.57,189.02
2025-10-16,TOTAL,,,,,,0.0,0.0,,190.79,190.79
2025-10-17,TOTAL,,,,,,0.0,0.0,,190.79,190.79
2025-10-20,TKNO,9.0,5.23,47.07000000000001,4.2,5.75,51.75,4.68,HOLD,,
2025-10-20,SPRO,31.0,2.22,68.82000000000001,1.8,2.29,70.99,2.17,HOLD,,
2025-10-20,MAMA,6.0,10.7,64.19999999999999,9.0,10.47,62.82,-1.38,HOLD,,
2025-10-20,TOTAL,,,,,,185.56,5.47,,10.7,196.26
2025-10-21,TKNO,9.0,5.23,47.07000000000001,4.2,5.62,50.58,3.51,HOLD,,
2025-10-21,SPRO,31.0,2.22,68.82000000000001,1.8,2.37,73.47,4.65,HOLD,,
2025-10-21,MAMA,6.0,10.7,64.19999999999999,9.0,10.3,61.8,-2.4,HOLD,,
2025-10-21,TOTAL,,,,,,185.85,5.76,,10.7,196.55
2025-10-22,TKNO,9.0,5.23,47.07000000000001,4.2,5.55,49.95,2.88,HOLD,,
2025-10-22,SPRO,31.0,2.22,68.82000000000001,1.95,2.25,69.75,0.93,HOLD,,
2025-10-22,MAMA,6.0,10.7,64.19999999999999,9.0,10.61,63.66,-0.54,HOLD,,
2025-10-22,TOTAL,,,,,,183.36,3.27,,10.7,194.06
2025-10-23,TKNO,9.0,5.23,47.07000000000001,4.2,5.76,51.84,4.77,HOLD,,
2025-10-23,MAMA,6.0,10.7,64.19999999999999,9.0,10.8,64.8,0.6,HOLD,,
2025-10-23,TOTAL,,,,,,116.64,5.37,,80.14,196.78
2025-10-24,TKNO,9.0,5.23,47.07000000000001,4.2,5.68,51.12,4.05,HOLD,,
2025-10-24,MAMA,6.0,10.7,64.19999999999999,9.0,10.94,65.64,1.44,HOLD,,
2025-10-24,TOTAL,,,,,,116.76,5.49,,75.8,192.56
2025-10-27,MAMA,4.0,10.7,42.8,9.0,10.98,43.92,1.12,HOLD,,
2025-10-27,APYX,30.0,3.21,96.3,2.8,3.13,93.9,-2.4,HOLD,,
2025-10-27,ETON,6.0,18.5,111.0,16.0,18.48,110.88,-0.12,HOLD,,
2025-10-27,TOTAL,,,,,,248.7,-1.4,,47.2,295.9
2025-10-28,APYX,30.0,3.21,96.3,2.8,3.1,93.0,-3.3,HOLD,,
2025-10-28,ETON,6.0,18.5,111.0,16.0,18.6,111.6,0.6,HOLD,,
2025-10-28,CURI,19.0,4.55,86.45,4.0,4.45,84.55,-1.9,HOLD,,
2025-10-28,TOTAL,,,,,,289.15,-4.6,,4.67,293.82
2025-10-29,APYX,30.0,3.21,96.3,2.8,2.95,88.5,-7.8,HOLD,,
2025-10-29,ETON,6.0,18.5,111.0,16.0,18.31,109.86,-1.14,HOLD,,
2025-10-29,CURI,19.0,4.55,86.45,4.0,4.7,89.3,2.85,HOLD,,
2025-10-29,TOTAL,,,,,,287.66,-6.09,,4.67,292.33
2025-10-30,APYX,30.0,3.21,96.3,2.8,2.95,88.5,-7.8,HOLD,,
2025-10-30,ETON,6.0,18.5,111.0,16.0,18.25,109.5,-1.5,HOLD,,
2025-10-30,CURI,19.0,4.55,86.45,4.0,4.42,83.98,-2.47,HOLD,,
2025-10-30,TOTAL,,,,,,281.98,-11.77,,4.67,286.65
2025-10-31,APYX,30.0,3.21,96.3,2.8,3.03,90.9,-5.4,HOLD,,
2025-10-31,ETON,6.0,18.5,111.0,16.0,18.01,108.06,-2.94,HOLD,,
2025-10-31,TOTAL,,,,,,198.96,-8.34,,89.22,288.18
2025-11-03,APYX,30.0,3.21,96.3,2.8,3.2,96.0,-0.3,HOLD,,
2025-11-03,ETON,6.0,18.5,111.0,16.0,17.96,107.76,-3.24,HOLD,,
2025-11-03,TNXP,4.0,18.7,74.8,16.0,18.75,75.0,0.2,HOLD,,
2025-11-03,TOTAL,,,,,,278.76,-3.34,,14.42,293.18
2025-11-04,APYX,30.0,3.21,96.3,2.8,3.24,97.2,0.9,HOLD,,
2025-11-04,ETON,6.0,18.5,111.0,16.0,18.45,110.7,-0.3,HOLD,,
2025-11-04,TNXP,4.0,18.7,74.8,16.0,17.53,70.12,-4.68,HOLD,,
2025-11-04,TOTAL,,,,,,278.02,-4.08,,14.42,292.44
2025-11-05,APYX,30.0,3.21,96.3,2.8,3.14,94.2,-2.1,HOLD,,
2025-11-05,ETON,6.0,18.5,111.0,16.0,19.25,115.5,4.5,HOLD,,
2025-11-05,TNXP,4.0,18.7,74.8,16.0,18.12,72.48,-2.32,HOLD,,
2025-11-05,TOTAL,,,,,,282.18,0.08,,14.42,296.6
2025-11-06,ETON,6.0,18.5,111.0,16.0,19.14,114.84,3.84,HOLD,,
2025-11-06,TNXP,4.0,18.7,74.8,16.0,17.41,69.64,-5.16,HOLD,,
2025-11-06,TOTAL,,,,,,184.48,-1.32,,109.82,294.3
2025-11-07,ETON,6.0,18.5,111.0,16.0,16.9,101.4,-9.6,HOLD,,
2025-11-07,CAPR,10.0,6.28,62.8,5.0,5.93,59.3,-3.5,HOLD,,
2025-11-07,TOTAL,,,,,,160.7,-13.1,,115.02,275.72
2025-11-10,ETON,6.0,18.5,111.0,14.5,16.92,101.52,-9.48,HOLD,,
2025-11-10,CAPR,5.0,6.28,31.4,4.9,5.56,27.8,-3.6,HOLD,,
2025-11-10,PEPG,20.0,4.5,90.0,3.5,4.26,85.2,-4.8,HOLD,,
2025-11-10,OKYO,20.0,2.55715,51.143,2.1,2.69,53.8,2.66,HOLD,,
2025-11-10,TOTAL,,,,,,268.32,-15.22,,4.38,272.7
2025-11-11,ETON,6.0,18.5,111.0,14.5,17.66,105.96,-5.04,HOLD,,
2025-11-11,CAPR,5.0,6.28,31.4,4.9,6.2,31.0,-0.4,HOLD,,
2025-11-11,PEPG,20.0,4.5,90.0,3.5,4.65,93.0,3.0,HOLD,,
2025-11-11,OKYO,20.0,2.55715,51.143,2.1,2.76,55.2,4.06,HOLD,,
2025-11-11,TOTAL,,,,,,285.16,1.62,,4.38,289.54
2025-11-12,ETON,6.0,18.5,111.0,14.5,17.46,104.76,-6.24,HOLD,,
2025-11-12,CAPR,5.0,6.28,31.4,4.9,5.87,29.35,-2.05,HOLD,,
2025-11-12,PEPG,20.0,4.5,90.0,3.5,5.13,102.6,12.6,HOLD,,
2025-11-12,OKYO,20.0,2.55715,51.143,2.1,2.6,52.0,0.86,HOLD,,
2025-11-12,TOTAL,,,,,,288.71,5.17,,4.38,293.09
2025-11-13,ETON,6.0,18.5,111.0,14.5,16.88,101.28,-9.72,HOLD,,
2025-11-13,CAPR,5.0,6.28,31.4,4.9,5.77,28.85,-2.55,HOLD,,
2025-11-13,PEPG,20.0,4.5,90.0,3.5,4.89,97.8,7.8,HOLD,,
2025-11-13,OKYO,20.0,2.55715,51.143,2.1,2.39,47.8,-3.34,HOLD,,
2025-11-13,TOTAL,,,,,,275.73,-7.81,,4.38,280.11
2025-11-14,ETON,6.0,18.5,111.0,14.5,16.94,101.64,-9.36,HOLD,,
2025-11-14,CAPR,5.0,6.28,31.4,4.9,5.6,28.0,-3.4,HOLD,,
2025-11-14,PEPG,20.0,4.5,90.0,3.5,4.74,94.8,4.8,HOLD,,
2025-11-14,OKYO,20.0,2.55715,51.143,2.1,2.24,44.8,-6.34,HOLD,,
2025-11-14,TOTAL,,,,,,269.24,-14.3,,4.38,273.62
2025-11-17,ETON,6.0,18.5,111.0,14.5,17.26,103.56,-7.44,HOLD,,
2025-11-17,CAPR,3.0,6.28,18.84,4.9,5.69,17.07,-1.77,HOLD,,
2025-11-17,PEPG,20.0,4.5,90.0,3.5,5.35,107.0,17.0,HOLD,,
2025-11-17,OKYO,20.0,2.55715,51.143,2.1,2.14,42.8,-8.34,HOLD,,
2025-11-17,SLDB,3.0,4.28,12.84,3.4,4.34,13.02,0.18,HOLD,,
2025-11-17,TOTAL,,,,,,283.45,-0.37,,3.34,286.79
2025-11-18,ETON,6.0,18.5,111.0,14.5,17.2,103.2,-7.8,HOLD,,
2025-11-18,CAPR,3.0,6.28,18.84,4.9,5.64,16.92,-1.92,HOLD,,
2025-11-18,PEPG,20.0,4.5,90.0,3.5,5.74,114.8,24.8,HOLD,,
2025-11-18,OKYO,20.0,2.55715,51.143,2.1,2.13,42.6,-8.54,HOLD,,
2025-11-18,SLDB,3.0,4.28,12.84,3.4,4.47,13.41,0.57,HOLD,,
2025-11-18,TOTAL,,,,,,290.93,7.11,,3.34,294.27
2025-11-19,ETON,6.0,18.5,111.0,14.5,16.82,100.92,-10.08,HOLD,,
2025-11-19,CAPR,3.0,6.28,18.84,4.9,5.77,17.31,-1.53,HOLD,,
2025-11-19,PEPG,20.0,4.5,90.0,3.5,5.53,110.6,20.6,HOLD,,
2025-11-19,OKYO,20.0,2.55715,51.143,2.1,2.1,42.0,-9.14,SELL - Stop Loss Triggered,,
2025-11-19,SLDB,3.0,4.28,12.84,3.4,4.48,13.44,0.6,HOLD,,
2025-11-19,TOTAL,,,,,,242.27,9.59,,45.34,287.61
2025-11-20,ETON,6.0,18.5,111.0,14.5,16.3,97.8,-13.2,HOLD,,
2025-11-20,CAPR,3.0,6.28,18.84,4.9,5.69,17.07,-1.77,HOLD,,
2025-11-20,PEPG,20.0,4.5,90.0,3.5,5.09,101.8,11.8,HOLD,,
2025-11-20,SLDB,3.0,4.28,12.84,3.4,4.46,13.38,0.54,HOLD,,
2025-11-20,OTLK,20.0,1.99,39.8,1.5,1.88,37.6,-2.2,HOLD,,
2025-11-20,TOTAL,,,,,,267.65,-4.83,,5.54,273.19
2025-11-21,ETON,6.0,18.5,111.0,14.5,16.46,98.76,-12.24,HOLD,,
2025-11-21,CAPR,3.0,6.28,18.84,4.9,5.75,17.25,-1.59,HOLD,,
2025-11-21,PEPG,20.0,4.5,90.0,3.5,5.56,111.2,21.2,HOLD,,
2025-11-21,SLDB,3.0,4.28,12.84,3.4,4.7,14.1,1.26,HOLD,,
2025-11-21,OTLK,20.0,1.99,39.8,1.5,1.88,37.6,-2.2,HOLD,,
2025-11-21,TOTAL,,,,,,278.91,6.43,,5.54,284.45
2025-11-24,ETON,6.0,18.5,111.0,14.5,15.85,95.1,-15.9,HOLD,,
2025-11-24,CAPR,3.0,6.28,18.84,4.9,4.9,14.7,-4.14,SELL - Stop Loss Triggered,,
2025-11-24,PEPG,10.0,4.5,45.0,3.5,5.79,57.9,12.9,HOLD,,
2025-11-24,SLDB,3.0,4.28,12.84,3.4,4.91,14.73,1.89,HOLD,,
2025-11-24,OTLK,20.0,1.99,39.8,1.5,1.8,36.0,-3.8,HOLD,,
2025-11-24,ATRA,2.0,13.9,27.8,10.0,14.03,28.06,0.26,HOLD,,
2025-11-24,CRDL,32.0,0.98,31.36,0.75,1.02,32.64,1.28,HOLD,,
2025-11-24,TOTAL,,,,,,264.43,-3.37,,17.58,282.01
2025-11-25,ETON,6.0,18.5,111.0,14.5,16.28,97.68,-13.32,HOLD,,
2025-11-25,PEPG,10.0,4.5,45.0,3.5,6.05,60.5,15.5,HOLD,,
2025-11-25,SLDB,3.0,4.28,12.84,3.4,5.15,15.45,2.61,HOLD,,
2025-11-25,OTLK,20.0,1.99,39.8,1.5,1.6,32.0,-7.8,HOLD,,
2025-11-25,ATRA,2.0,13.9,27.8,10.0,14.57,29.14,1.34,HOLD,,
2025-11-25,CRDL,32.0,0.98,31.36,0.75,1.03,32.96,1.6,HOLD,,
2025-11-25,TOTAL,,,,,,267.73,-0.07,,17.58,285.31
2025-11-26,ETON,6.0,18.5,111.0,14.5,16.19,97.14,-13.86,HOLD,,
2025-11-26,PEPG,10.0,4.5,45.0,3.5,6.09,60.9,15.9,HOLD,,
2025-11-26,SLDB,3.0,4.28,12.84,3.4,5.36,16.08,3.24,HOLD,,
2025-11-26,ATRA,2.0,13.9,27.8,10.0,14.86,29.72,1.92,HOLD,,
2025-11-26,CRDL,32.0,0.98,31.36,0.75,1.03,32.96,1.6,HOLD,,
2025-11-26,TOTAL,,,,,,236.8,8.8,,49.65,286.45
2025-11-27,ETON,6.0,18.5,111.0,14.5,16.19,97.14,-13.86,HOLD,,
2025-11-27,PEPG,10.0,4.5,45.0,5.2,6.09,60.9,15.9,HOLD,,
2025-11-27,SLDB,3.0,4.28,12.84,3.4,5.36,16.08,3.24,HOLD,,
2025-11-27,ATRA,2.0,13.9,27.8,10.0,14.86,29.72,1.92,HOLD,,
2025-11-27,CRDL,16.0,0.98,15.68,0.75,1.03,16.48,0.8,HOLD,,
2025-11-27,SGML,5.0,10.7142857143,53.57142857150001,9.2,10.61,53.05,-0.52,HOLD,,
2025-11-27,TOTAL,,,,,,273.37,7.48,,12.65,286.02
2025-11-28,ETON,6.0,18.5,111.0,14.5,16.15,96.9,-14.1,HOLD,,
2025-11-28,PEPG,10.0,4.5,45.0,5.2,6.44,64.4,19.4,HOLD,,
2025-11-28,SLDB,3.0,4.28,12.84,3.4,5.43,16.29,3.45,HOLD,,
2025-11-28,ATRA,2.0,13.9,27.8,10.0,15.1,30.2,2.4,HOLD,,
2025-11-28,CRDL,16.0,0.98,15.68,0.75,1.05,16.8,1.12,HOLD,,
2025-11-28,SGML,5.0,10.7142857143,53.57142857150001,9.2,11.31,56.55,2.98,HOLD,,
2025-11-28,TOTAL,,,,,,281.14,15.25,,12.65,293.79
2025-12-01,ETON,6.0,18.5,111.0,14.5,15.45,92.7,-18.3,HOLD,,
2025-12-01,PEPG,10.0,4.5,45.0,5.2,5.79,57.9,12.9,HOLD,,
2025-12-01,ATRA,2.0,13.9,27.8,10.0,13.54,27.08,-0.72,HOLD,,
2025-12-01,CRDL,16.0,0.98,15.68,0.75,0.95,15.2,-0.48,HOLD,,
2025-12-01,SGML,4.0,10.7142857143,42.8571428572,9.2,11.53,46.12,3.26,HOLD,,
2025-12-01,MIST,14.0,2.5999,36.3986,1.8,2.69,37.66,1.26,HOLD,,
2025-12-01,TOTAL,,,,,,276.66,-2.08,,1.18,279.68
2025-12-02,ETON,6.0,18.5,111.0,14.5,15.37,92.22,-18.78,HOLD,,
2025-12-02,ATRA,2.0,13.9,27.8,10.0,12.22,24.44,-3.36,HOLD,,
2025-12-02,CRDL,16.0,0.98,15.68,0.75,0.93,14.88,-0.8,HOLD,,
2025-12-02,SGML,7.0,10.4424489796,73.0971428572,9.2,10.53,73.71,0.61,HOLD,,
2025-12-02,MIST,14.0,2.5999,36.3986,1.8,2.65,37.1,0.7,HOLD,,
2025-12-02,TOTAL,,,,,,242.35,-21.63,,22.74,265.09
2025-12-03,ETON,6.0,18.5,111.0,14.5,16.5,99.0,-12.0,HOLD,,
2025-12-03,ATRA,2.0,13.9,27.8,10.0,12.55,25.1,-2.7,HOLD,,
2025-12-03,CRDL,16.0,0.98,15.68,0.75,0.94,15.04,-0.64,HOLD,,
2025-12-03,SGML,9.0,10.361904761911113,93.2571428572,9.2,10.03,90.27,-2.99,HOLD,,
2025-12-03,MIST,14.0,2.5999,36.3986,1.8,2.62,36.68,0.28,HOLD,,
2025-12-03,TOTAL,,,,,,266.09,-18.05,,2.58,268.67
2025-12-04,ETON,6.0,18.5,111.0,14.5,16.81,100.86,-10.14,HOLD,,
2025-12-04,ATRA,2.0,13.9,27.8,10.0,14.2,28.4,0.6,HOLD,,
2025-12-04,CRDL,16.0,0.98,15.68,0.75,0.96,15.36,-0.32,HOLD,,
2025-12-04,SGML,12.0,10.283928571433334,123.4071428572,9.2,9.98,119.76,-3.65,HOLD,,
2025-12-04,MIST,14.0,2.5999,36.3986,1.8,2.64,36.96,0.56,HOLD,,
2025-12-04,TOTAL,,,,,,301.34,-12.95,,43.86,345.2
2025-12-05,ETON,6.0,18.5,111.0,14.5,16.26,97.56,-13.44,HOLD,,
2025-12-05,ATRA,2.0,13.9,27.8,10.0,14.33,28.66,0.86,HOLD,,
2025-12-05,CRDL,16.0,0.98,15.68,0.75,1.05,16.8,1.12,HOLD,,
2025-12-05,SGML,15.0,10.211142857146664,153.1671428572,9.2,9.43,141.45,-11.72,HOLD,,
2025-12-05,MIST,14.0,2.5999,36.3986,1.8,2.68,37.52,1.12,HOLD,,
2025-12-05,TOTAL,,,,,,321.99,-22.06,,14.1,336.09
2025-12-08,ETON,6.0,18.5,111.0,14.5,16.36,98.16,-12.84,HOLD,,
2025-12-08,ATRA,2.0,13.9,27.8,10.0,15.08,30.16,2.36,HOLD,,
2025-12-08,CRDL,16.0,0.98,15.68,0.75,1.0,16.0,0.32,HOLD,,
2025-12-08,SGML,12.0,10.211142857146664,122.53371428575996,9.2,10.57,126.84,4.31,HOLD,,
2025-12-08,MIST,14.0,2.5999,36.3986,1.8,2.66,37.24,0.84,HOLD,,
2025-12-08,TOTAL,,,,,,308.4,-5.01,,43.7,352.1
2025-12-09,ATRA,2.0,13.9,27.8,10.0,15.69,31.38,3.58,HOLD,,
2025-12-09,SGML,12.0,10.211142857146664,122.53371428575996,9.2,11.97,143.64,21.11,HOLD,,
2025-12-09,MIST,14.0,2.5999,36.3986,1.8,2.63,36.82,0.42,HOLD,,
2025-12-09,HDSN,9.0,7.0294,63.2646,5.9,6.99,62.91,-0.35,HOLD,,
2025-12-09,TOTAL,,,,,,274.75,24.76,,95.06,369.81
2025-12-10,ATRA,2.0,13.9,27.8,10.0,16.83,33.66,5.86,HOLD,,
2025-12-10,SGML,12.0,10.211142857146664,122.53371428575996,9.2,11.56,138.72,16.19,HOLD,,
2025-12-10,MIST,14.0,2.5999,36.3986,1.8,2.67,37.38,0.98,HOLD,,
2025-12-10,HDSN,9.0,7.0294,63.2646,5.9,7.19,64.71,1.45,HOLD,,
2025-12-10,FCEL,9.0,8.3,74.7,6.8,8.46,76.14,1.44,HOLD,,
2025-12-10,TOTAL,,,,,,350.61,25.92,,20.36,370.97
2025-12-11,ATRA,2.0,13.9,27.8,10.0,17.82,35.64,7.84,HOLD,,
2025-12-11,SGML,12.0,10.211142857146664,122.53371428575996,9.2,11.7,140.4,17.87,HOLD,,
2025-12-11,MIST,14.0,2.5999,36.3986,1.8,2.95,41.3,4.9,HOLD,,
2025-12-11,HDSN,9.0,7.0294,63.2646,5.9,7.42,66.78,3.52,HOLD,,
2025-12-11,FCEL,9.0,8.3,74.7,6.8,8.75,78.75,4.05,HOLD,,
2025-12-11,TOTAL,,,,,,362.87,38.18,,20.36,383.23
2025-12-12,ATRA,2.0,13.9,27.8,10.0,18.0,36.0,8.2,HOLD,,
2025-12-12,SGML,12.0,10.211142857146664,122.53371428575996,9.2,10.93,131.16,8.63,HOLD,,
2025-12-12,HDSN,9.0,7.0294,63.2646,5.9,7.46,67.14,3.88,HOLD,,
2025-12-12,FCEL,9.0,8.3,74.7,6.8,8.76,78.84,4.14,HOLD,,
2025-12-12,MIST,11.0,2.355,25.905,1.6,2.41,26.51,0.61,HOLD,,
2025-12-12,TOTAL,,,,,,339.65,25.46,,19.8,359.44
2025-12-15,ATRA,2.0,13.9,27.8,10.0,17.95,35.9,8.1,HOLD,,
2025-12-15,SGML,10.0,10.211142857146664,102.11142857146665,9.2,10.33,103.3,1.19,HOLD,,
2025-12-15,HDSN,9.0,7.0294,63.2646,5.9,7.36,66.24,2.98,HOLD,,
2025-12-15,FCEL,9.0,8.3,74.7,6.8,8.36,75.24,0.54,HOLD,,
2025-12-15,ANIX,10.0,3.376,33.76,2.5,3.26,32.6,-1.16,HOLD,,
2025-12-15,TOTAL,,,,,,313.28,11.65,,35.47,348.75
2025-12-16,ATRA,2.0,13.9,27.8,10.0,17.58,35.16,7.36,HOLD,,
2025-12-16,SGML,10.0,10.211142857146664,102.11142857146665,9.2,10.23,102.3,0.19,HOLD,,
2025-12-16,HDSN,9.0,7.0294,63.2646,5.9,7.41,66.69,3.43,HOLD,,
2025-12-16,FCEL,9.0,8.3,74.7,6.8,8.47,76.23,1.53,HOLD,,
2025-12-16,ANIX,10.0,3.376,33.76,2.5,3.57,35.7,1.94,HOLD,,
2025-12-16,TOTAL,,,,,,316.08,14.45,,35.47,351.55
2025-12-17,ATRA,2.0,13.9,27.8,10.0,17.18,34.36,6.56,HOLD,,
2025-12-17,SGML,10.0,10.211142857146664,102.11142857146665,9.2,10.68,106.8,4.69,HOLD,,
2025-12-17,HDSN,9.0,7.0294,63.2646,5.9,7.36,66.24,2.98,HOLD,,
2025-12-17,FCEL,9.0,8.3,74.7,6.8,7.9,71.1,-3.6,HOLD,,
2025-12-17,ANIX,10.0,3.376,33.76,2.5,3.27,32.7,-1.06,HOLD,,
2025-12-17,TOTAL,,,,,,311.2,9.57,,35.47,346.67
2025-12-18,ATRA,2.0,13.9,27.8,10.0,17.23,34.46,6.66,HOLD,,
2025-12-18,SGML,10.0,10.211142857146664,102.11142857146665,9.2,11.61,116.1,13.99,HOLD,,
2025-12-18,HDSN,9.0,7.0294,63.2646,5.9,7.32,65.88,2.62,HOLD,,
2025-12-18,FCEL,9.0,8.3,74.7,6.8,9.64,86.76,12.06,HOLD,,
2025-12-18,ANIX,10.0,3.376,33.76,2.5,3.24,32.4,-1.36,HOLD,,
2025-12-18,TOTAL,,,,,,335.6,33.97,,35.47,371.07
2025-12-19,ATRA,2.0,13.9,27.8,10.0,17.17,34.34,6.54,HOLD,,
2025-12-19,SGML,10.0,10.211142857146664,102.11142857146665,9.2,12.19,121.9,19.79,HOLD,,
2025-12-19,HDSN,9.0,7.0294,63.2646,5.9,7.05,63.45,0.19,HOLD,,
2025-12-19,FCEL,6.0,8.3,49.8,6.8,8.34,50.04,0.24,HOLD,,
2025-12-19,ANIX,10.0,3.376,33.76,2.5,3.3,33.0,-0.76,HOLD,,
2025-12-19,TOTAL,,,,,,302.73,26.0,,64.99,367.72
2025-12-22,ATRA,2.0,13.9,27.8,10.0,17.86,35.72,7.92,HOLD,,
2025-12-22,SGML,5.0,10.211142857146664,51.05571428573331,9.2,13.5,67.5,16.44,HOLD,,
2025-12-22,HDSN,9.0,7.0294,63.2646,5.9,6.94,62.46,-0.8,HOLD,,
2025-12-22,FCEL,6.0,8.3,49.8,6.8,8.76,52.56,2.76,HOLD,,
2025-12-22,ANIX,10.0,3.376,33.76,2.5,3.37,33.7,-0.06,HOLD,,
2025-12-22,FBIO,10.0,3.64,36.4,2.8,3.62,36.2,-0.2,HOLD,,
2025-12-22,TOTAL,,,,,,288.14,26.06,,96.69,384.83
2025-12-23,ATRA,2.0,13.9,27.8,10.0,17.5,35.0,7.2,HOLD,,
2025-12-23,SGML,3.0,10.211142857146664,30.633428571439993,9.2,13.49,40.47,9.84,HOLD,,
2025-12-23,HDSN,9.0,7.0294,63.2646,5.9,6.95,62.55,-0.71,HOLD,,
2025-12-23,FCEL,6.0,8.3,49.8,6.8,8.79,52.74,2.94,HOLD,,
2025-12-23,ANIX,10.0,3.376,33.76,2.5,3.3,33.0,-0.76,HOLD,,
2025-12-23,FBIO,10.0,3.64,36.4,2.8,3.6,36.0,-0.4,HOLD,,
2025-12-23,TOTAL,,,,,,259.76,18.11,,124.57,384.33
2025-12-24,ATRA,2.0,13.9,27.8,10.0,17.59,35.18,7.38,HOLD,,
2025-12-24,SGML,3.0,10.211142857146664,30.633428571439993,9.2,13.51,40.53,9.9,HOLD,,
2025-12-24,HDSN,9.0,7.0294,63.2646,5.9,6.96,62.64,-0.62,HOLD,,
2025-12-24,FCEL,6.0,8.3,49.8,6.8,8.77,52.62,2.82,HOLD,,
2025-12-24,ANIX,10.0,3.376,33.76,2.5,3.42,34.2,0.44,HOLD,,
2025-12-24,FBIO,10.0,3.64,36.4,2.8,3.67,36.7,0.3,HOLD,,
2025-12-24,TOTAL,,,,,,261.87,20.22,,124.57,386.44
2025-12-26,ATRA,2.0,13.9,27.8,10.0,17.27,34.54,6.74,HOLD,,
2025-12-26,SGML,3.0,10.211142857146664,30.633428571439993,9.2,14.5,43.5,12.87,HOLD,,
2025-12-26,HDSN,9.0,7.0294,63.2646,5.9,7.0,63.0,-0.26,HOLD,,
2025-12-26,FCEL,6.0,8.3,49.8,6.8,8.48,50.88,1.08,HOLD,,
2025-12-26,ANIX,10.0,3.376,33.76,2.5,3.2,32.0,-1.76,HOLD,,
2025-12-26,FBIO,10.0,3.64,36.4,2.8,3.74,37.4,1.0,HOLD,,
2025-12-26,TOTAL,,,,,,261.32,19.67,,124.57,385.89
2025-12-29,ATRA,2.0,13.9,27.8,14.9,17.99,35.98,8.18,HOLD,,
2025-12-29,HDSN,9.0,7.0294,63.2646,5.9,6.85,61.65,-1.61,HOLD,,
2025-12-29,FCEL,6.0,8.3,49.8,6.8,8.16,48.96,-0.84,HOLD,,
2025-12-29,ANIX,10.0,3.376,33.76,2.5,3.18,31.8,-1.96,HOLD,,
2025-12-29,FBIO,10.0,3.64,36.4,2.8,3.58,35.8,-0.6,HOLD,,
2025-12-29,AMTX,60.0,1.4,84.0,1.05,1.32,79.2,-4.8,HOLD,,
2025-12-29,TOTAL,,,,,,293.39,-1.63,,79.21,372.6
2025-12-30,ATRA,2.0,13.9,27.8,14.9,17.88,35.76,7.96,HOLD,,
2025-12-30,HDSN,9.0,7.0294,63.2646,5.9,6.85,61.65,-1.61,HOLD,,
2025-12-30,ANIX,10.0,3.376,33.76,2.5,3.12,31.2,-2.56,HOLD,,
2025-12-30,FBIO,10.0,3.64,36.4,2.8,3.58,35.8,-0.6,HOLD,,
2025-12-30,AMTX,60.0,1.4,84.0,1.05,1.43,85.8,1.8,HOLD,,
2025-12-30,TOTAL,,,,,,250.21,4.99,,126.61,376.82
2025-12-31,ATRA,2.0,13.9,27.8,14.9,18.09,36.18,8.38,HOLD,,
2025-12-31,HDSN,9.0,7.0294,63.2646,5.9,6.85,61.65,-1.61,HOLD,,
2025-12-31,ANIX,10.0,3.376,33.76,2.5,3.12,31.2,-2.56,HOLD,,
2025-12-31,FBIO,10.0,3.64,36.4,2.8,3.66,36.6,0.2,HOLD,,
2025-12-31,AMTX,60.0,1.4,84.0,1.25,1.39,83.4,-0.6,HOLD,,
2025-12-31,TOTAL,,,,,,249.03,3.81,,126.61,375.64
2026-01-02,ATRA,2.0,13.9,27.8,14.9,17.77,35.54,7.74,HOLD,,
2026-01-02,HDSN,9.0,7.0294,63.2646,5.9,6.8,61.2,-2.06,HOLD,,
2026-01-02,ANIX,10.0,3.376,33.76,2.5,3.16,31.6,-2.16,HOLD,,
2026-01-02,FBIO,10.0,3.64,36.4,3.4,4.03,40.3,3.9,HOLD,,
2026-01-02,AMTX,60.0,1.4,84.0,1.35,1.59,95.4,11.4,HOLD,,
2026-01-02,TOTAL,,,,,,264.04,18.82,,126.61,390.65
2026-01-05,ATRA,2.0,13.9,27.8,14.9,16.86,33.72,5.92,HOLD,,
2026-01-05,HDSN,9.0,7.0294,63.2646,5.9,6.98,62.82,-0.44,HOLD,,
2026-01-05,FBIO,10.0,3.64,36.4,3.4,4.27,42.7,6.3,HOLD,,
2026-01-05,AMTX,60.0,1.4,84.0,1.35,1.61,96.6,12.6,HOLD,,
2026-01-05,AQST,15.0,6.46,96.9,5.5,6.23,93.45,-3.45,HOLD,,
2026-01-05,TOTAL,,,,,,329.29,20.93,,62.01,391.3
2026-01-06,HDSN,9.0,7.0294,63.2646,5.9,6.98,62.82,-0.44,HOLD,,
2026-01-06,FBIO,10.0,3.64,36.4,3.4,4.21,42.1,5.7,HOLD,,
2026-01-06,AMTX,60.0,1.4,84.0,1.35,1.62,97.2,13.2,HOLD,,
2026-01-06,AQST,15.0,6.46,96.9,5.5,6.24,93.6,-3.3,HOLD,,
2026-01-06,TOTAL,,,,,,295.72,15.16,,93.85,389.57
2026-01-07,HDSN,9,7.0294,63.2646,5.9,7.04,63.36,0.1,HOLD,,
2026-01-07,FBIO,10,3.64,36.4,3.4,4.27,42.7,6.3,HOLD,,
2026-01-07,AMTX,60,1.4,84.0,1.35,1.54,92.4,8.4,HOLD,,
2026-01-07,AQST,15,6.46,96.9,5.5,6.23,93.45,-3.45,HOLD,,
2026-01-07,TOTAL,,,,,,291.91,11.35,,93.85,385.76
