date,week,ticker,source,rank,sector,market_cap_bn,stage,decision,reason_code,reason,ref_price,conviction,driver,pct_vs_sma50
2026-09-20,54,LTC,screener #15,15,Real Estate,2.29,1,PASS,valuation,Hold consensus; PT $45.00 is +5.7% with the price 2.4% off the 60-day high,42.56,,,4.03
2026-09-20,54,HAE,extended #78,78,Healthcare,4.93,1,PASS,valuation,"TTM revenue +0.4%, TTM EPS -37.2%, PT +2.9% at the 52-week high",108.4,,,16.43
2026-09-20,54,TALO,screener #26,26,Energy,2.84,1,PASS,negative-earnings,"TTM net income -$404.98M, EPS -$2.39",17.01,,,7.26
2026-09-20,54,KODK,screener #36,36,Industrials,0.935,1,PASS,negative-earnings,"TTM net income -$123M, EPS -$1.29, no analyst coverage, beta 1.58",9.55,,,5.73
2026-09-20,54,DNOW,screener #37,37,Industrials,2.82,1,PASS,negative-earnings,TTM net income -$188M despite +69.8% acquisition-driven revenue,15.59,,,2.70
2026-09-20,54,AVO,screener #39,39,Consumer Defensive,1.13,1,PASS,shrinking-revenue,"TTM revenue -6.2%; TTM EPS $0.02, -96.1%",12.9,,,0.01
2026-09-20,54,PUBM,screener #50,50,Technology,0.8,1,PASS,shrinking-revenue,TTM revenue -1.0% and lossmaking; beta 1.58,17.55,,,14.24
2026-09-20,54,CON,screener #1,1,Healthcare,4.52,2,BUY,thesis,"Strong Buy, PT +15.6%; TTM revenue +14.0%, EPS +29.4%, beta 0.63; clears the RISK-OFF defensive profile",35.47,3,US hiring / employer workers-comp and pre-placement visit volumes,6.16
2026-09-20,54,HOPE,screener #12,12,Financials,1.78,2,BUY,thesis,"TTM revenue +31.1%, EPS +173.8%, fwd PE 10.1, PT +11.0%; MANUBANK CBU close approved, early Q4",13.96,3,"US short-rate path via NIM (2.96%, +6bp QoQ) plus the SMBC MANUBANK CBU close",0.15
2026-09-20,54,CFFN,screener #3,3,Financials,1.1,2,PASS,valuation,PT $9.50 is +6.7%; Piper Neutral; liability-sensitive thrift into a Fed that just hiked,8.9,,,1.92
2026-09-20,54,CVBF,screener #5,5,Financials,4.0,2,PASS,capacity,Clears every gate but TTM EPS -1.8% and net income +1.5%; HOPE is the stronger bank and cash funds only two buys,22.7,,,0.39
2026-09-20,54,CLBK,extended #51,51,Financials,3.12,2,PASS,valuation,PE 44.7 and NIM 2.44% into a hiking Fed; below its 20-day; unexplained Friday after-hours -3.1% on 17.6M shares,11.58,,,3.48
2026-09-20,54,OPCH,screener #7,7,Healthcare,3.64,2,PASS,weak-catalyst,Fails the RISK-OFF defensive profile (rank_low_vol 0.85) with no confirmed catalyst; -34% from its 52-week high,24.3,,,4.57
2026-09-20,54,EXPO,screener #10,10,Industrials,3.25,2,PASS,weak-catalyst,Misses the RISK-OFF near_high gate at -5.03% (limit -5%) and has no confirmed catalyst,68.3,,,2.24
2026-09-20,54,HRMY,screener #13,13,Healthcare,2.45,2,PASS,binary-thesis,"Fails the defensive profile; the only catalyst in view is the undated TEMPO Phase 3 PWS readout, which is binary",42.02,,,9.25
2026-09-28,55,SIBN,screener #9,9,Healthcare,0.83,1,PASS,negative-earnings,"TTM net income -$14.63M, EPS -$0.33; also -8.42% from the 60-day high so it fails the RISK-OFF near_high gate",18.59,,,0.64
2026-09-28,55,ADMA,screener #22,22,Healthcare,2.1,1,PASS,weak-catalyst,"Fails the RISK-OFF defensive profile (rank_low_vol 0.67, near_high -9.37) with no dated catalyst; TTM EPS -17% and the price is 54% below its 52-week high",9.38,,,1.23
2026-09-28,55,HNI,screener #29,29,Consumer Cyclical,3.41,1,PASS,other,"TTM EPS $0.07, -97.8%, and net income -97.1% on acquisition-inflated revenue; PE 695",47.21,,,0.82
2026-09-28,55,MQ,screener #15,15,Technology,1.77,1,PASS,weak-catalyst,"Hold consensus, beta 1.29, fails the defensive profile (rank_low_vol 0.75, near_high -9.26); forward PE 49",16.96,,,2.66
2026-09-28,55,LTC,screener #14,14,Real Estate,2.31,1,PASS,valuation,"The only name on either list clearing the RISK-OFF defensive profile, but Hold consensus and PT $45.00 is +4.8% with the price 1.5% off its 60-day high",42.94,,,4.25
2026-09-28,55,VFF,screener #8,8,Consumer Defensive,0.39,1,PASS,weak-catalyst,Beta 1.38 and rank_low_vol 0.78 fail the RISK-OFF defensive profile with no dated catalyst; +25% above its 50-day,3.17,,,24.98
2026-09-28,55,CYRX,screener #16,16,Industrials,0.88,1,PASS,negative-earnings,"TTM net income -$45.39M, EPS -$0.91; beta 1.90",17.41,,,9.35
2026-09-28,55,CNK,screener #19,19,Communication Services,4.33,1,PASS,valuation,PT $39.82 is +5.4% at the 52-week high; TTM EPS -4.0% and net income -26.3%,37.77,,,5.72
2026-09-28,55,GCT,screener #31,31,Technology,1.93,1,PASS,valuation,"Cheap and growing (PE 12.8, revenue +22.9%) but PT $57.00 is only +5.6% and beta 1.65 fails the RISK-OFF profile",53.98,,,11.04
2026-09-28,55,EGY,screener #48,48,Energy,0.61,1,PASS,shrinking-revenue,"TTM revenue -25.5% with net income -$109.44M, EPS -$1.05",5.82,,,1.08
2026-10-05,56,ELME,screener #1,1,Real Estate,0.156,1,PASS,negative-earnings,"TTM net income -$185.31M, EPS -$2.10, no analyst coverage; 52-week range $1.26-$17.68 is a collapse, not a base",1.76,,,6.04
2026-10-05,56,LTC,screener #3,3,Real Estate,2.32,1,PASS,valuation,"Third week running the only name clearing the RISK-OFF profile above its 50-day, and still Hold with PT $45.00 = +4.65%",42.81,,,4.18
2026-10-05,56,AMN,screener #5,5,Healthcare,1.41,1,PASS,valuation,"PT $36.14 sits BELOW the price (-0.74%), Hold, and forward PE 43.2 against trailing 13.6 says earnings fall sharply",36.33,,,7.02
2026-10-05,56,PLX,screener #9,9,Healthcare,0.218,1,PASS,weak-catalyst,Fails the defensive profile (rank_low_vol 0.64) with no analyst coverage at a $218M cap; separately flagged for a possible Israeli-affiliation exclusion the quote page does not settle,2.71,,,6.73
2026-10-05,56,CCO,screener #11,11,Communication Services,1.22,1,PASS,negative-earnings,"TTM net income -$106.01M, EPS -$0.22, beta 2.02, PT +1.25%",2.39,,,0.34
2026-10-05,56,DRH,screener #13,13,Real Estate,2.56,1,PASS,weak-catalyst,TTM revenue +1.0% and near_high -8.85 fails the RISK-OFF profile with no dated catalyst,12.44,,,0.41
2026-10-05,56,LPG,screener #14,14,Energy,2.47,1,PASS,valuation,"Revenue +80.5% and PE 7.6, but PT $54.60 is 5.54% BELOW the price; freight-rate driver would also need freshness verification",56.93,,,13.02
2026-10-05,56,WK,screener #24,24,Technology,3.94,1,PASS,weak-catalyst,"The best name the gate removed: revenue +19.7%, Strong Buy PT +24.1%, beta 0.49, forward PE 19.3 - killed only by near_high -11.58 against the -5% profile threshold",72.34,,,1.90
2026-10-05,56,AVPT,screener #29,29,Technology,3.0,1,PASS,weak-catalyst,"Revenue +25.0% and PT +18.3%, but rank_low_vol 0.578 fails the defensive profile and there is no dated catalyst",14.2,,,5.77
2026-10-05,56,CHEF,screener #31,31,Consumer Defensive,4.79,1,PASS,valuation,"PT $122.00 is +3.96% at the 52-week high, on PE 55.9 and beta 1.44",116.97,,,5.76
2026-10-05,56,GO,screener #33,33,Consumer Defensive,1.14,1,PASS,negative-earnings,"TTM net income -$381.25M, EPS -$3.88, Hold, and PT $10.73 is 6.61% below the price",11.49,,,5.76
2026-10-05,56,SBH,screener #34,34,Consumer Cyclical,1.49,1,PASS,valuation,TTM revenue +1.1% and EPS +3.8% for +6.58% of upside; near_high -6.07 also fails the profile,15.94,,,0.02
2026-10-05,56,NTCT,screener #40,40,Technology,2.96,1,PASS,valuation,"PT $43.38 is +6.43%, and near_high -9.54 fails the profile",40.79,,,5.00
2026-10-05,56,LILAK,screener #42,42,Communication Services,1.66,1,PASS,negative-earnings,"TTM net income -$100M, EPS -$0.50, Hold, and PT $7.20 is 15.19% BELOW the price",8.5,,,0.87
2026-10-05,56,TH,screener #49,49,Industrials,1.88,1,PASS,negative-earnings,"TTM net income -$37.68M, EPS -$0.38, beta 1.51; a Strong Buy with +33.8% upside does not survive losses at this size",18.83,,,4.27
