rank,ticker,company,sector,industry,latest_price,market_cap,momentum_20d,momentum_5d,volume_ratio,vol_5_50,rs_vs_iwm,bb_width,low_vol,near_high,pct_vs_sma20,pct_vs_sma50,atr_pct,sales_qq,eps_qq,fwd_pe,recom,target_upside,beta,earnings,short_float,review_flag,data_confidence,composite_score,composite_legacy,composite_dedup,rank_low_vol,rank_near_high,rank_vol_5_50,market_cap_display
1,ELME,Elme Communities,Real Estate,REIT - Residential,1.73,154610000.0,2.98,-1.14,1.04,1.273,7.64,0.0728,-1.5303,-1.7,2.79,5.75,2.023,1.72,-3942.6500000000005,,3.0,,0.84,-,2.75,,HIGH,0.8719,0.8398,0.8254,0.8590852904820766,0.9913473423980222,0.8393077873918418,$155M
2,CFFN,Capitol Federal Financial,Financial,Banks - Regional,8.68,1090000000.0,0.23,-1.92,1.34,1.084,4.89,0.0471,-0.7859,-6.26,-1.05,-0.78,1.835,6.5,34.51,11.2,2.33,9.4,0.67,Jul 29/b,6.18,,HIGH,0.8718,0.8833,0.8265,0.9913473423980222,0.9369592088998764,0.6860321384425216,$1.1B
3,CVBF,CVB Financial Corp,Financial,Banks - Regional,22.53,3970000000.0,1.53,0.45,1.37,1.046,6.19,0.0508,-1.0609,-3.76,0.54,-0.18,1.839,37.86,-21.58,11.33,1.83,15.4,0.67,Jul 22/a,5.87,,HIGH,0.8699,0.8967,0.8152,0.9567367119901112,0.9765142150803461,0.6501854140914709,$4.0B
4,FFBC,First Financial Bancorp,Financial,Banks - Regional,32.4,3400000000.0,-1.28,2.08,1.91,1.242,3.38,0.0632,-1.1796,-10.62,0.33,-2.53,1.865,12.98,-0.34,9.47,2.0,16.9,0.94,Jul 21/a,5.9,,HIGH,0.8661,0.8797,0.8514,0.9456118665018541,0.8343634116192831,0.8244746600741656,$3.4B
5,FCF,First Commonwealth Financial Corp,Financial,Banks - Regional,20.91,2109999999.9999998,0.29,-0.57,1.03,1.246,4.95,0.049,-0.9335,-6.4,-0.62,-1.28,1.65,0.6,36.59,10.64,1.83,15.2,0.75,Jul 28/a,3.91,,HIGH,0.8566,0.8289,0.8075,0.9765142150803461,0.9258343634116193,0.8257107540173053,$2.1B
6,LILAK,Liberty Latin America Ltd,Communication Services,Telecom Services,8.49,1660000000.0,0.12,-3.52,1.7,1.089,4.78,0.0618,-1.9365,-4.77,-1.45,2.02,3.213,1.46,93.94,36.82,2.67,7.7,0.62,Aug 05/a,5.53,,HIGH,0.8563,0.8904,0.8036,0.7626699629171817,0.9641532756489494,0.6897404202719407,$1.7B
7,FULC,Fulcrum Therapeutics Inc,Healthcare,Biotechnology,3.74,285350000.0,-2.86,-1.58,1.71,0.946,1.8,0.0409,-0.6711,-5.08,-1.93,-1.08,1.614,,-24.16,,3.0,7.0,2.62,Aug 05,9.76,,HIGH,0.8563,0.8616,0.7962,0.9975278121137207,0.9616810877626699,0.5111248454882571,$285M
8,VFF,Village Farms International Inc,Consumer Defensive,Farm Products,3.17,387650000.0,8.93,10.07,1.45,1.039,13.59,0.1347,-1.8723,-0.94,8.47,24.98,3.74,6.81,-75.62,11.96,1.25,83.9,1.35,Aug 10/b,4.73,,HIGH,0.8431,0.8632,0.8324,0.7775030902348579,0.9962917181705809,0.6409147095179234,$388M
9,SIBN,SI-BONE Inc,Healthcare,Medical Devices,18.59,833630000.0,-3.23,0.76,1.12,1.112,1.43,0.0664,-1.3167,-8.42,-0.07,0.64,3.285,15.18,36.09,,1.0,34.5,0.66,Aug 03/a,13.9,,HIGH,0.8382,0.7916,0.7971,0.9159456118665018,0.8949320148331273,0.7163164400494437,$834M
10,PSEC,Prospect Capital Corp,Financial,Asset Management,2.19,1150000000.0,-2.67,-0.45,1.26,1.073,1.99,0.051,-1.4943,-7.59,-0.77,-1.62,2.087,208.67,85.04,6.17,5.0,-8.7,0.8,Aug 20/a,4.69,,HIGH,0.8325,0.8342,0.7767,0.8689740420271941,0.9079110012360939,0.676761433868974,$1.1B
11,AVO,Mission Produce Inc,Consumer Defensive,Food Distribution,13.14,1150000000.0,2.9,2.66,1.08,1.235,7.56,0.0809,-1.8658,-7.59,2.59,2.3,4.067,25.8,-137.94,16.85,1.0,25.6,0.44,Sep 08/a,9.68,,HIGH,0.832,0.8394,0.7914,0.7824474660074165,0.9079110012360939,0.8182941903584673,$1.1B
12,FULT,Fulton Financial Corp,Financial,Banks - Regional,23.23,4430000000.0,-1.9,-0.21,1.32,1.008,2.76,0.0544,-1.0332,-7.93,-1.01,-3.04,1.814,7.580000000000001,-1.58,10.05,2.5,10.6,0.8,Jul 22/a,5.41,,HIGH,0.8298,0.8512,0.7743,0.9629171817058096,0.9048207663782447,0.5951792336217553,$4.4B
13,WTTR,Select Water Solutions Inc,Energy,Oil & Gas Equipment & Services,19.84,2650000000.0,2.9,-3.69,2.72,1.364,7.56,0.095,-2.1997,-12.02,-1.5,-0.97,4.397,8.67,61.95,26.9,1.17,23.5,1.0,Aug 04/a,5.28,,HIGH,0.8274,0.8984,0.8208,0.6934487021013597,0.8034610630407911,0.8800988875154512,$2.6B
14,LTC,LTC Properties Inc,Real Estate,REIT - Healthcare Facilities,42.94,2310000000.0,5.71,0.14,0.88,1.094,10.37,0.0844,-1.3128,-1.51,1.55,4.25,2.266,63.83,74.05,23.24,2.11,5.4,0.55,Aug 05/a,5.29,,HIGH,0.8239,0.7988,0.7596,0.9171817058096415,0.992583436341162,0.6965389369592089,$2.3B
15,MQ,Marqeta Inc,Technology,Software - Infrastructure,16.96,1760000000.0,2.98,8.79,1.3,1.055,7.64,0.1009,-1.9735,-9.26,4.35,2.66,2.771,17.02,1364.29,33.51,2.8,18.6,1.22,Aug 04/a,5.5,,HIGH,0.8088,0.8641,0.7789,0.7503090234857849,0.8794808405438813,0.6594561186650185,$1.8B
16,CYRX,CryoPort Inc,Industrials,Integrated Freight & Logistics,17.41,881800000.0,8.2,-1.19,1.29,1.159,12.86,0.2039,-1.8067,-3.17,6.62,9.35,3.401,7.739999999999999,24.23,,1.22,11.0,1.97,Aug 06/a,5.75,,HIGH,0.8063,0.7732,0.8426,0.8034610630407911,0.9839307787391842,0.761433868974042,$882M
17,BXDC,Blackstone Digital Infrastructure Trust Inc,Real Estate,REIT - Specialty,19.08,1900000000.0,-4.36,-1.14,1.13,1.483,0.3,0.0867,-1.3126,-14.25,-3.51,-5.31,3.088,,,,2.17,23.6,,Aug 04/b,4.51,,HIGH,0.8013,0.7677,0.7939,0.9184177997527813,0.7268232385661311,0.9134734239802225,$1.9B
18,PUBM,PubMatic Inc,Technology,Software - Application,18.6,859970000.0,10.58,4.03,1.17,1.247,15.24,0.1723,-2.5912,-3.07,9.06,17.7,3.678,10.55,76.36,123.63,1.5,12.5,1.57,Aug 06/a,6.62,,HIGH,0.7988,0.8039,0.8011,0.580964153275649,0.9864029666254636,0.826946847960445,$860M
19,CNK,Cinemark Holdings Inc,Communication Services,Entertainment,37.77,4390000000.0,4.95,4.19,0.92,1.084,9.61,0.1049,-1.8798,-3.1,6.65,5.72,3.018,15.509999999999998,87.86,14.5,1.77,6.5,1.03,Jul 30/b,7.01,,HIGH,0.7975,0.7852,0.7387,0.7762669962917181,0.9851668726823238,0.6860321384425216,$4.4B
20,KRP,Kimbell Royalty Partners LP,Energy,Oil & Gas E&P,14.57,1900000000.0,-2.28,0.9,0.82,1.224,2.38,0.0659,-1.1881,-6.91,-1.54,-2.27,1.777,37.76,1882.2099999999998,14.75,1.57,38.4,0.42,Aug 07/b,3.87,,HIGH,0.797,0.7168,0.7294,0.9443757725587144,0.9171817058096415,0.8090234857849197,$1.9B
21,LFST,LifeStance Health Group Inc,Healthcare,Medical Care Facilities,11.84,4500000000.0,-3.82,-6.55,1.32,1.169,0.84,0.1254,-1.8348,-12.68,-6.2,-1.08,4.063,26.08,722.45,53.69,1.45,19.9,1.24,Aug 06/b,6.23,,HIGH,0.7886,0.7632,0.7931,0.796044499381953,0.784301606922126,0.7700865265760197,$4.5B
22,ADMA,Adma Biologics Inc,Healthcare,Biotechnology,9.38,2100000000.0,0.43,-1.32,1.26,1.116,5.09,0.1247,-2.2662,-9.37,0.32,1.23,3.697,1.9799999999999998,19.33,9.94,1.33,99.0,0.7,Aug 05/a,11.28,,HIGH,0.7839,0.8135,0.7628,0.6724351050679852,0.8751545117428925,0.7200247218788628,$2.1B
23,ORIC,ORIC Pharmaceuticals Inc,Healthcare,Biotechnology,13.16,1360000000.0,-0.6,3.87,1.75,1.105,4.06,0.1228,-2.6532,-10.35,2.76,3.32,5.075,,17.45,,1.13,60.2,0.98,Aug 03/a,25.7,,HIGH,0.7836,0.8331,0.7679,0.5624227441285538,0.8467243510506799,0.707663782447466,$1.4B
24,LADR,Ladder Capital Corp,Real Estate,REIT - Mortgage,9.08,1160000000.0,-7.54,-3.92,1.2,1.226,-2.88,0.1054,-0.9521,-14.26,-5.12,-6.55,1.88,15.509999999999998,-15.15,8.14,1.29,32.2,0.99,Jul 23/b,5.42,,HIGH,0.7807,0.71,0.7789,0.9703337453646477,0.7255871446229913,0.8108776266996292,$1.2B
25,CUZ,Cousins Properties Inc,Real Estate,REIT - Office,28.65,4680000000.0,-2.68,-0.03,0.94,1.158,1.98,0.0642,-1.2072,-13.05,0.47,-3.63,2.097,11.83,84.5,61.29,1.36,17.1,1.17,Jul 30/a,7.43,,HIGH,0.7802,0.7561,0.7409,0.9406674907292955,0.765142150803461,0.7601977750309024,$4.7B
26,EFC,Ellington Financial Inc,Real Estate,REIT - Mortgage,12.36,1610000000.0,-8.92,-1.98,1.2,1.202,-4.26,0.1291,-0.9336,-10.69,-4.35,-6.81,1.786,31.72,-2.15,6.32,1.57,20.2,0.95,Aug 06/a,6.18,,HIGH,0.7799,0.6642,0.773,0.9752781211372065,0.8325092707045736,0.7917181705809642,$1.6B
27,INVA,Innoviva Inc,Healthcare,Biotechnology,20.74,1520000000.0,-1.1,-1.43,0.62,1.933,3.56,0.0562,-1.3354,-8.75,-1.09,-1.53,2.473,18.61,-247.03999999999996,9.28,1.8,68.8,0.39,Aug 05/a,10.02,,HIGH,0.7736,0.6592,0.6953,0.9085290482076638,0.8875154511742892,0.9678615574783683,$1.5B
28,PRDO,Perdoceo Education Corp,Consumer Defensive,Education & Training Services,30.49,1910000000.0,-9.17,-5.69,1.29,1.204,-4.51,0.0997,-1.2573,-17.77,-6.63,-5.83,3.425,1.8000000000000003,22.43,9.8,1.0,44.3,0.71,Aug 06/a,6.67,,HIGH,0.7724,0.7083,0.7834,0.9283065512978986,0.6378244746600742,0.7954264524103832,$1.9B
29,HNI,HNI Corp,Consumer Cyclical,"Furnishings, Fixtures & Appliances",47.21,3410000000.0,-3.91,2.16,0.88,1.0,0.75,0.0906,-1.7336,-6.35,-0.22,0.82,2.726,120.72,-30.75,9.76,1.0,47.7,0.92,Jul 30/b,5.99,,HIGH,0.7641,0.7018,0.6891,0.8244746600741656,0.9295426452410384,0.584672435105068,$3.4B
30,ACCO,Acco Brands Corp,Industrials,Business Equipment & Supplies,4.31,406160000.0,0.47,3.36,0.99,0.832,5.13,0.0591,-1.7676,-5.48,0.74,1.36,2.867,5.14,-52.96999999999999,4.57,1.0,85.6,1.18,Jul 30/a,7.67,,HIGH,0.7592,0.817,0.6598,0.8158220024721878,0.9493201483312732,0.3430160692212608,$406M
31,GCT,GigaCloud Technology Inc,Technology,Software - Infrastructure,53.98,1900000000.0,1.95,1.73,0.86,1.239,6.61,0.1267,-2.8446,-4.07,3.87,11.04,4.773,27.6,27.76,11.17,1.0,21.3,1.64,Aug 06/b,13.02,,HIGH,0.7562,0.7281,0.6981,0.4919653893695921,0.9752781211372065,0.8213844252163165,$1.9B
32,EXPO,Exponent Inc,Industrials,Engineering & Construction,64.18,3050000000.0,-10.28,-4.38,1.16,0.957,-5.62,0.118,-1.238,-10.76,-5.59,-4.31,2.672,20.89,16.39,24.39,1.6,30.9,0.69,Jul 30/a,6.57,,HIGH,0.7507,0.6524,0.7182,0.9332509270704573,0.8294190358467244,0.5241038318912238,$3.0B
33,CLMT,Calumet Inc,Basic Materials,Specialty Chemicals,53.65,4800000000.0,12.36,-7.69,1.1,1.261,17.02,0.2207,-2.2122,-10.39,-2.29,9.73,4.579,40.77,35.75,24.71,2.33,-0.5,0.78,Aug 07/b,6.48,,HIGH,0.7506,0.7437,0.8055,0.6909765142150803,0.8430160692212608,0.8343634116192831,$4.8B
34,AVPT,AvePoint Inc,Technology,Software - Infrastructure,13.0,2720000000.0,-7.14,-2.69,1.67,0.88,-2.48,0.1033,-2.2229,-9.63,-2.41,-1.35,3.371,22.03,957.63,25.93,1.57,29.2,1.17,Aug 06/a,7.77,,HIGH,0.7482,0.7503,0.693,0.688504326328801,0.8665018541409147,0.4276885043263288,$2.7B
35,SBH,Sally Beauty Holdings Inc,Consumer Cyclical,Specialty Retail,17.18,1610000000.0,3.81,6.58,0.8,0.914,8.47,0.1085,-1.8471,-0.64,5.38,6.91,3.235,0.22999999999999998,24.72,7.67,2.4,-1.0,1.03,Aug 03/b,21.55,,HIGH,0.7446,0.7352,0.6587,0.7873918417799752,0.9975278121137207,0.4814585908529048,$1.6B
36,KBR,KBR Inc,Industrials,Engineering & Construction,34.54,4370000000.0,-9.18,-3.36,1.08,1.019,-4.52,0.1048,-1.3252,-11.32,-5.13,-6.18,3.054,1.6399999999999997,2.65,8.59,2.22,27.9,0.47,Jul 30/b,7.41,,HIGH,0.7427,0.6632,0.6972,0.9122373300370828,0.8207663782447466,0.6093943139678616,$4.4B
37,SPSC,SPS Commerce Inc,Technology,Software - Application,81.3,2930000000.0,-4.26,-0.43,1.32,0.791,0.4,0.1034,-2.364,-9.1,-0.53,6.27,4.217,5.56,-63.75999999999999,15.3,2.79,-7.2,0.62,Jul 30/a,9.23,,HIGH,0.7384,0.78,0.674,0.646477132262052,0.8850432632880099,0.27564894932014833,$2.9B
38,MH,McGraw Hill Inc,Consumer Defensive,Education & Training Services,12.73,2440000000.0,-3.71,-4.0,1.23,1.103,0.95,0.1365,-3.0462,-10.22,-2.38,4.36,4.625,2.65,9980.0,6.13,1.23,40.8,-0.83,Aug 13/b,9.62,,HIGH,0.7378,0.737,0.714,0.44252163164400493,0.8504326328800988,0.7045735475896168,$2.4B
39,CRC,California Resources Corp,Energy,Oil & Gas E&P,52.51,4700000000.0,0.54,-0.47,1.01,1.019,5.2,0.1277,-1.9717,-9.48,-3.1,-1.4,3.452,33.01,199.18,13.2,1.38,44.2,1.01,Aug 10/b,4.5,,HIGH,0.7343,0.763,0.6933,0.7515451174289246,0.869592088998764,0.6093943139678616,$4.7B
40,VIA,Via Transportation Inc,Technology,Software - Application,29.41,2400000000.0,2.94,7.61,0.98,1.09,7.6,0.1757,-2.8067,-4.33,6.64,19.05,4.819,26.669999999999998,9.93,70.39,1.1,19.0,1.32,Aug 06/b,19.39,,HIGH,0.733,0.7182,0.7095,0.4969097651421508,0.9740420271940667,0.6909765142150803,$2.4B
41,AVA,Avista Corp,Utilities,Utilities - Diversified,35.11,2940000000.0,-6.77,-2.74,1.18,1.039,-2.11,0.0916,-0.8272,-18.54,-4.36,-8.71,1.646,0.49,142.99,12.55,3.0,14.6,0.21,Aug 03/b,5.0,,HIGH,0.7321,0.7352,0.7219,0.9888751545117429,0.6131025957972805,0.6409147095179234,$2.9B
42,MDU,MDU Resources Group Inc,Utilities,Utilities - Regulated Gas,18.76,3950000000.0,-5.2,1.08,0.92,1.116,-0.54,0.1197,-1.0377,-13.19,-1.98,-5.9,2.037,6.87,49.4,17.75,1.78,26.4,0.72,Aug 06/b,8.38,,HIGH,0.7288,0.6632,0.705,0.9616810877626699,0.7589616810877626,0.7200247218788628,$4.0B
43,FUL,H.B. Fuller Company,Basic Materials,Specialty Chemicals,50.06,2690000000.0,-11.16,0.87,1.4,1.872,-6.5,0.1505,-1.245,-22.07,-3.56,-10.22,3.694,5.17,18.45,9.53,1.67,39.3,0.98,Sep 23/a,5.46,,HIGH,0.7263,0.6233,0.7953,0.930778739184178,0.5043263288009888,0.9641532756489494,$2.7B
44,TALO,Talos Energy Inc,Energy,Oil & Gas E&P,16.47,2730000000.0,-1.2,0.3,1.09,0.981,3.46,0.1217,-2.4374,-12.04,-3.85,2.24,4.189,56.53,183.96,16.89,1.69,22.5,0.42,Aug 04/a,7.37,,HIGH,0.7239,0.7683,0.688,0.6205191594561187,0.7991347342398022,0.5587144622991347,$2.7B
45,RES,RPC Inc,Energy,Oil & Gas Equipment & Services,5.84,1290000000.0,-8.75,2.82,1.15,1.479,-4.09,0.2112,-1.8899,-13.22,-5.86,-3.78,3.755,9.52,13.63,22.99,3.5,9.6,0.84,Jul 30/b,11.43,,HIGH,0.723,0.5707,0.7803,0.7737948084054388,0.7571075401730532,0.9122373300370828,$1.3B
46,SHEN,Shenandoah Telecommunications Co,Communication Services,Telecom Services,11.76,660500000.0,-5.62,-3.05,1.07,1.265,-0.96,0.1183,-1.9811,-20.65,-2.46,-4.01,4.063,5.53,12.85,,1.5,133.8,0.74,Jul 29/b,6.73,,HIGH,0.7131,0.6972,0.7333,0.7466007416563659,0.5457354758961681,0.8380716934487021,$660M
47,TREX,TREX Co Inc,Industrials,Building Products & Equipment,44.79,4550000000.0,-2.14,4.41,1.28,0.835,2.52,0.0945,-2.3731,-12.11,1.47,-1.44,3.028,7.79,-14.57,22.13,2.23,22.1,1.48,Aug 04/b,10.05,,HIGH,0.7075,0.8161,0.6418,0.6427688504326329,0.796044499381953,0.34610630407911,$4.5B
48,EGY,VAALCO Energy Inc,Energy,Oil & Gas E&P,5.82,615380000.0,0.87,-2.35,0.91,0.986,5.53,0.1269,-2.2278,-11.68,-4.08,1.08,3.662,39.5,395.23,16.33,1.0,64.8,0.21,Aug 06/a,7.98,,HIGH,0.7047,0.7367,0.6618,0.6860321384425216,0.8133498145859085,0.569221260815822,$615M
49,ASH,Ashland Inc,Basic Materials,Specialty Chemicals,69.06,3210000000.0,-7.14,0.0,0.81,0.983,-2.48,0.1182,-1.1931,-11.74,-3.07,-3.59,2.63,7.339999999999999,102.16000000000001,16.32,1.64,16.1,0.39,Jul 28/a,9.74,,HIGH,0.704,0.5944,0.653,0.9419035846724351,0.8108776266996292,0.5630407911001236,$3.2B
50,LILA,Liberty Latin America Ltd,Communication Services,Telecom Services,8.48,1660000000.0,-0.93,-3.31,0.83,0.763,3.73,0.0627,-1.901,-5.62,-2.08,1.05,2.831,1.46,93.94,69.01,2.6,8.1,0.64,Aug 05/a,3.32,,HIGH,0.7024,0.7463,0.5777,0.7713226205191595,0.9456118665018541,0.242274412855377,$1.7B
