rank,ticker,company,sector,industry,latest_price,market_cap,momentum_20d,momentum_5d,volume_ratio,vol_5_50,rs_vs_iwm,bb_width,low_vol,near_high,pct_vs_sma20,pct_vs_sma50,atr_pct,sales_qq,eps_qq,fwd_pe,recom,target_upside,beta,earnings,short_float,review_flag,data_confidence,composite_score,composite_legacy,composite_dedup,rank_low_vol,rank_near_high,rank_vol_5_50
51,SFBS,ServisFirst Bancshares Inc,Financial,Banks - Regional,41.31,4520000000.0,-4.37,-1.46,1.12,1.339,0.29,0.0651,-1.3241,-10.27,-1.72,-4.8,2.192,6.34,39.58,11.43,1.0,17.0,0.9,Jul 20/a,5.55,,HIGH,0.8222,0.7774,0.784,0.9134734239802225,0.8479604449938195,0.869592088998764
52,NMIH,NMI Holdings Inc,Financial,Insurance - Specialty,41.23,3100000000.0,-7.99,-3.02,1.43,1.216,-3.33,0.1068,-0.8073,-11.79,-5.38,-6.27,2.474,8.12,13.750000000000002,7.48,1.5,20.9,0.55,Jul 30/a,2.68,,HIGH,0.8115,0.7247,0.8056,0.9901112484548825,0.80778739184178,0.8053152039555006
53,FFIN,First Financial Bankshares Inc,Financial,Banks - Regional,32.45,4620000000.0,-2.82,-0.89,1.1,1.141,1.84,0.0564,-1.0577,-11.14,-1.47,-4.5,1.891,8.43,7.61,14.94,2.71,12.7,0.83,Jul 16/a,6.53,,HIGH,0.8079,0.8002,0.7631,0.957972805933251,0.823238566131026,0.7428924598269468
54,HOPE,Hope Bancorp Inc,Financial,Banks - Regional,13.83,1770000000.0,-0.65,0.07,0.99,0.912,4.01,0.0407,-0.9753,-5.21,-0.47,-0.92,1.833,17.81,218.18,9.24,2.2,12.1,0.85,Jul 27/b,5.52,,HIGH,0.8012,0.8123,0.7138,0.9678615574783683,0.957972805933251,0.4758961681087763
55,PRCH,Porch Group Inc,Financial,Insurance - Property & Casualty,16.53,1880000000.0,-5.0,-0.66,1.71,1.162,-0.34,0.1574,-2.4615,-10.02,-1.31,4.35,5.153,18.1,136.73,60.97,1.25,25.2,3.16,Jul 29/a,19.19,,HIGH,0.7846,0.7282,0.7993,0.6168108776266996,0.8590852904820766,0.765142150803461
56,UMBF,UMB Financial Corp,Financial,Banks - Regional,135.82,2770000000.0,-6.07,1.71,1.06,1.224,-1.41,0.1092,-1.3068,-11.41,-1.9,-4.92,1.988,6.23,25.929999999999996,9.7,1.65,23.3,0.83,Jul 28/a,4.98,,HIGH,0.7793,0.7009,0.7557,0.9208899876390606,0.8195302843016069,0.8090234857849197
57,CNO,CNO Financial Group Inc,Financial,Insurance - Life,53.98,4990000000.0,-2.51,-0.77,0.62,1.213,2.15,0.0616,-1.1292,-6.27,-1.93,-1.01,2.157,11.28,44.99,10.61,2.71,7.1,0.81,Jul 30/a,2.42,,HIGH,0.7626,0.6328,0.67,0.9505562422744128,0.9351050679851669,0.8009888751545118
58,MFIC,MidCap Financial Investment Corp,Financial,Asset Management,8.88,731360000.0,-7.69,-1.99,1.45,1.151,-3.03,0.1327,-1.3475,-13.37,-3.81,-6.53,2.075,6.860000000000001,-209.22,7.12,2.5,17.2,0.67,Aug 06/b,3.44,,HIGH,0.7617,0.7012,0.7693,0.9048207663782447,0.7527812113720643,0.7533992583436341
59,NHP,National Healthcare Properties Inc,Real Estate,REIT - Healthcare Facilities,16.03,316830000.0,-0.19,-1.78,0.64,1.236,4.47,0.0394,-1.3766,-8.19,-0.59,-0.93,3.084,2.58,62.96000000000001,503.08,2.0,18.2,,Aug 05/a,8.74,,HIGH,0.7608,0.6826,0.6681,0.8949320148331273,0.8974042027194067,0.8195302843016069
60,PFS,Provident Financial Services Inc,Financial,Banks - Regional,22.84,2980000000.0,-2.85,-0.39,1.09,0.869,1.81,0.0578,-0.9219,-10.4,-1.4,-4.13,1.773,4.33,8.65,8.81,1.67,20.8,0.82,Jul 29/a,5.01,,HIGH,0.7579,0.7952,0.6848,0.9789864029666254,0.8405438813349815,0.4011124845488257
61,AZTA,Azenta Inc,Healthcare,Medical Instruments & Supplies,34.02,1480000000.0,3.25,0.8,0.91,1.129,7.91,0.1708,-1.8424,-9.26,4.85,7.38,3.131,11.97,104.69999999999999,61.8,2.0,2.3,1.53,Aug 04/a,12.48,,HIGH,0.7528,0.7046,0.7582,0.7935723114956736,0.8794808405438813,0.7311495673671199
62,XHR,Xenia Hotels & Resorts Inc,Real Estate,REIT - Hotel & Motel,18.17,1680000000.0,-6.63,1.74,1.1,1.191,-1.97,0.1068,-1.2425,-17.63,1.12,-5.59,2.14,2.75,-137.67,25.24,2.17,16.2,1.2,Jul 30/b,3.54,,HIGH,0.752,0.7025,0.7568,0.9320148331273177,0.6458590852904821,0.7861557478368356
63,NWBI,Northwest Bancshares Inc,Financial,Banks - Regional,15.31,2240000000.0,-0.2,0.07,0.73,0.907,4.46,0.0408,-0.8447,-5.26,-0.47,-1.2,1.661,18.31,38.52,10.58,2.75,8.2,0.69,Jul 27/a,6.25,,HIGH,0.747,0.7195,0.6332,0.9876390605686032,0.9567367119901112,0.46971569839307786
64,BLFS,Biolife Solutions Inc,Healthcare,Medical Instruments & Supplies,38.49,1880000000.0,5.8,3.52,1.08,0.756,10.46,0.1304,-1.7629,-1.03,5.84,10.97,2.283,11.98,376.1,123.37,3.0,-19.8,1.83,Aug 06/a,8.22,,HIGH,0.7462,0.8032,0.6839,0.8182941903584673,0.9950556242274413,0.23362175525339926
65,FHB,First Hawaiian INC,Financial,Banks - Regional,25.25,3070000000.0,-2.09,-0.98,0.88,1.171,2.57,0.0508,-0.968,-17.43,-1.36,-5.74,1.784,0.71,3.04,10.05,3.45,21.9,0.75,Jul 24/b,9.77,,HIGH,0.7461,0.755,0.7106,0.969097651421508,0.6520395550061805,0.7713226205191595
66,CURB,Curbline Properties Corp,Real Estate,REIT - Retail,28.46,3270000000.0,-5.1,-0.7,1.09,0.869,-0.44,0.073,-0.935,-11.48,-2.21,-4.72,2.036,52.98,-35.79,117.12,1.44,20.6,0.58,Jul 28/b,12.97,,HIGH,0.7432,0.7523,0.6763,0.9740420271940667,0.8170580964153276,0.4011124845488257
67,HASI,HA Sustainable Infrastructure Capital Inc,Financial,Asset Management,36.44,4650000000.0,-8.9,-1.59,1.88,1.141,-4.24,0.1471,-1.5855,-15.35,-3.66,-6.27,2.609,40.97,21.14,10.87,1.44,35.4,1.42,Aug 06/a,11.17,,HIGH,0.742,0.6829,0.7685,0.8491965389369592,0.69221260815822,0.7428924598269468
68,APLE,Apple Hospitality REIT Inc,Real Estate,REIT - Hotel & Motel,16.19,3820000000.0,-2.18,3.25,0.76,0.947,2.48,0.0771,-1.3641,-6.31,3.12,0.26,1.953,4.73,6.05,21.8,2.55,6.1,0.92,Aug 05/a,7.53,,HIGH,0.7393,0.6867,0.6448,0.899876390605686,0.930778739184178,0.5135970333745364
69,FCPT,Four Corners Property Trust Inc,Real Estate,REIT - Retail,22.2,2440000000.0,-12.01,-1.86,1.5,1.611,-7.35,0.1874,-0.7376,-17.35,-6.39,-10.37,2.059,7.6499999999999995,-1.12,19.33,2.2,24.8,0.8,Jul 29/a,4.2,,HIGH,0.7392,0.5787,0.8087,0.9950556242274413,0.6563658838071693,0.9357231149567367
70,SKT,Tanger Inc,Real Estate,REIT - Retail,34.73,3990000000.0,-7.95,-2.61,1.21,1.137,-3.29,0.1096,-0.6467,-18.34,-4.66,-9.73,1.789,11.15,8.9,31.12,2.73,18.1,1.09,Aug 04/a,6.1,,HIGH,0.739,0.7034,0.7457,1.0,0.619283065512979,0.738566131025958
71,TOWN,Townebank Portsmouth VA,Financial,Banks - Regional,36.36,3360000000.0,-2.86,-0.93,0.83,0.856,1.8,0.0478,-0.9413,-6.84,-1.65,-2.54,1.613,86.68,304.51,10.38,2.25,10.0,0.73,Jul 23/b,2.9,,HIGH,0.7379,0.7252,0.6307,0.9715698393077874,0.9184177997527813,0.3788627935723115
72,CTKB,Cytek BioSciences Inc,Healthcare,Medical Devices,5.65,734410000.0,20.73,7.01,1.14,1.886,25.39,0.3359,-2.8747,-3.42,13.15,19.88,4.475,5.57,-113.40999999999998,,2.0,-1.6,1.19,Aug 05/a,4.41,,HIGH,0.7339,0.6878,0.8107,0.4894932014833127,0.9814585908529048,0.965389369592089
73,DX,Dynex Capital Inc,Real Estate,REIT - Mortgage,11.34,2810000000.0,-12.16,-6.05,1.44,1.327,-7.5,0.1602,-1.1511,-16.56,-8.43,-10.81,2.211,170.93,653.65,7.05,1.67,30.1,0.95,Jul 20/b,6.72,,HIGH,0.7337,0.6014,0.7721,0.9480840543881335,0.6687268232385661,0.8640296662546354
74,DRH,Diamondrock Hospitality Co,Real Estate,REIT - Hotel & Motel,12.49,2560000000.0,-1.65,1.79,0.68,1.008,3.01,0.0565,-1.3111,-9.43,1.93,-0.44,2.139,4.11,137.81,18.75,2.07,11.8,1.03,Jul 30/a,7.03,,HIGH,0.7329,0.6755,0.6383,0.9196538936959209,0.8739184177997528,0.5951792336217553
75,PD,Pagerduty Inc,Technology,Software - Application,14.38,1130000000.0,3.98,-0.55,0.93,1.071,8.64,0.1275,-3.2275,-4.45,1.41,16.51,3.812,0.83,-42.49,9.75,2.8,-12.1,0.98,Aug 27/a,11.91,,HIGH,0.7313,0.7629,0.6621,0.3856613102595797,0.9728059332509271,0.6724351050679852
76,NEO,Neogenomics Inc,Healthcare,Diagnostics & Research,19.33,2470000000.0,7.09,-0.41,1.01,1.146,11.75,0.1981,-2.8832,-3.59,5.23,15.18,4.338,11.21,104.85,56.77,1.67,2.0,1.79,Jul 28/a,13.26,,HIGH,0.7311,0.7214,0.7253,0.48825710754017304,0.9789864029666254,0.7490729295426453
77,SBCF,Seacoast Banking Corp Of Florida,Financial,Banks - Regional,33.03,3200000000.0,-3.9,-0.78,0.96,0.849,0.76,0.0758,-1.3433,-8.93,-2.12,-3.49,2.067,30.010000000000005,9.83,11.92,2.5,12.1,0.91,Jul 28/a,5.46,,HIGH,0.7285,0.7368,0.6388,0.907292954264524,0.8862793572311496,0.3646477132262052
78,GCMG,GCM Grosvenor Inc,Financial,Asset Management,13.04,2660000000.0,-4.96,-1.88,0.81,1.074,-0.3,0.1001,-1.7501,-12.28,-0.26,-0.82,2.807,12.950000000000001,136.14,12.14,1.4,18.9,0.88,Aug 10/b,2.02,,HIGH,0.7268,0.6484,0.6771,0.8207663782447466,0.7911001236093943,0.6792336217552534
79,HAE,Haemonetics Corp,Healthcare,Medical Devices,105.3,4790000000.0,1.29,-3.15,0.82,0.669,5.95,0.0916,-1.2331,-4.66,0.4,9.51,2.59,5.6,2.63,18.23,1.67,5.9,0.61,Aug 06/b,7.67,,HIGH,0.7255,0.7453,0.6233,0.9369592088998764,0.9678615574783683,0.13720642768850433
80,HTGC,Hercules Capital Inc,Financial,Asset Management,16.97,3190000000.0,-2.92,-2.3,0.85,0.702,1.74,0.064,-0.9223,-5.35,-2.8,0.0,1.865,96.41,49.93,8.75,1.22,14.9,0.77,Jul 30/a,5.12,,HIGH,0.7238,0.7203,0.6085,0.9777503090234858,0.9548825710754018,0.17058096415327564
81,PK,Park Hotels & Resorts Inc,Real Estate,REIT - Hotel & Motel,15.43,3170000000.0,-2.53,1.85,0.88,0.67,2.13,0.0544,-1.4902,-4.75,1.26,1.63,2.534,1.19,1036.25,27.72,2.47,3.5,1.39,Aug 06/a,18.61,,HIGH,0.7205,0.7461,0.5952,0.8702101359703337,0.965389369592089,0.13906056860321384
82,TCPC,BlackRock TCP Capital Corp,Financial,Asset Management,4.01,338970000.0,-2.67,-0.74,0.81,0.739,1.99,0.0611,-1.5284,-5.65,-0.78,4.61,2.512,270.36,111.11999999999999,9.91,3.5,8.0,1.05,Aug 06/b,5.82,,HIGH,0.7203,0.7133,0.6038,0.8603213844252163,0.9431396786155748,0.21446229913473425
83,QUBT,Quantum Computing Inc,Technology,Computer Hardware,8.96,2009999999.9999998,9.94,0.0,1.14,1.216,14.6,0.2333,-2.7073,-9.27,7.7,6.94,4.555,9000.0,79.73,,1.5,110.5,3.74,Aug 10/a,32.24,,HIGH,0.72,0.7316,0.7621,0.5364647713226205,0.8776266996291718,0.8053152039555006
84,CCC,CCC Intelligent Solutions Holdings Inc,Technology,Software - Application,6.9,4019999999.9999995,-7.88,6.15,1.2,1.149,-3.22,0.2039,-2.6473,-10.16,-0.04,2.23,4.527,9.78,81.12,13.03,1.69,26.8,0.45,Jul 30/b,8.81,,HIGH,0.7172,0.5983,0.7413,0.5636588380716935,0.8541409147095179,0.7503090234857849
85,PGEN,Precigen Inc,Healthcare,Biotechnology,7.75,2760000000.0,11.51,0.65,1.53,1.0,16.17,0.23,-2.9889,-6.29,7.18,15.11,5.272,6322.66,153.95,12.13,1.5,76.4,0.94,Aug 04/a,25.74,,HIGH,0.7128,0.781,0.7344,0.4647713226205192,0.9326328800988876,0.584672435105068
86,EBC,Eastern Bankshares Inc,Financial,Banks - Regional,21.42,4890000000.0,-3.9,-0.28,0.82,0.878,0.76,0.0566,-1.0965,-9.91,-1.28,-4.72,1.889,26.36,-4.73,10.04,1.5,17.3,0.7,Jul 23/a,7.97,,HIGH,0.7122,0.7005,0.6106,0.9530284301606922,0.861557478368356,0.4245982694684796
87,KRNY,Kearny Financial Corp,Financial,Banks - Regional,9.36,607740000.0,-4.68,-2.3,0.93,0.812,-0.02,0.0971,-1.264,-8.59,-3.81,-3.14,2.152,2.23,4.82,9.41,2.0,14.0,0.62,Jul 23/b,5.05,,HIGH,0.7119,0.7012,0.6278,0.927070457354759,0.8912237330037083,0.31396786155747836
88,CERS,Cerus Corp,Healthcare,Medical Devices,2.62,516309999.99999994,-1.13,2.34,1.6,1.038,3.53,0.0951,-2.2359,-24.5,1.53,-2.0,3.435,9.53,50.67,,1.0,95.4,1.82,Jul 30/a,9.44,,HIGH,0.7102,0.8494,0.7361,0.6847960444993819,0.4419035846724351,0.6378244746600742
89,SABS,SAB Biotherapeutics Inc,Healthcare,Biotechnology,3.29,305720000.0,-13.19,-2.95,4.69,1.906,-8.53,0.1762,-2.0854,-19.16,-6.69,-9.31,4.848,,74.09,,1.08,257.1,0.57,Aug 06/b,4.42,,HIGH,0.7098,0.5913,0.7707,0.7169344870210136,0.5939431396786156,0.9666254635352287
90,SHO,Sunstone Hotel Investors Inc,Real Estate,REIT - Hotel & Motel,11.19,2080000000.0,-1.24,0.9,0.77,0.712,3.42,0.0367,-0.8588,-6.36,1.29,-0.53,1.704,6.67,304.06,49.26,2.5,6.2,1.02,Aug 06/b,8.49,,HIGH,0.7094,0.7282,0.583,0.9839307787391842,0.9283065512978986,0.18170580964153277
91,NTST,Netstreit Corp,Real Estate,REIT - Retail,18.21,1850000000.0,-11.04,0.33,3.23,1.36,-6.38,0.1968,-1.3447,-18.96,-5.84,-10.68,2.506,26.8,52.629999999999995,42.26,1.58,25.3,0.79,Jul 22/a,14.11,,HIGH,0.7081,0.603,0.7841,0.9060568603213844,0.6019777503090235,0.8776266996291718
92,CIM,Chimera Investment Corp,Real Estate,REIT - Mortgage,10.34,868950000.0,-10.09,-6.17,1.44,1.562,-5.43,0.1359,-1.4885,-23.01,-7.15,-11.8,2.404,28.32,-128.21,5.06,2.5,30.6,1.78,Aug 05/b,4.15,,HIGH,0.7076,0.6617,0.7611,0.8714462299134734,0.47713226205191595,0.930778739184178
93,GRND,Grindr Inc,Technology,Software - Application,15.77,2780000000.0,1.15,-0.76,0.92,0.927,5.81,0.0637,-2.0357,-14.76,1.54,-0.53,3.344,32.54,18.97,20.33,1.33,31.9,0.19,Aug 06/a,28.37,,HIGH,0.7075,0.7996,0.644,0.7268232385661311,0.7132262051915945,0.4932014833127318
94,AMN,AMN Healthcare Services Inc,Healthcare,Medical Care Facilities,34.56,1330000000.0,-0.17,0.93,0.79,0.779,4.49,0.0611,-1.6042,-7.15,1.44,1.4,3.226,2.29,117.60999999999999,36.64,2.44,4.6,0.41,Aug 06/a,9.1,,HIGH,0.7067,0.7402,0.5902,0.8454882571075402,0.9159456118665018,0.2626699629171817
95,AVBP,ArriVent BioPharma Inc,Healthcare,Biotechnology,28.45,1400000000.0,-5.7,-4.34,1.13,1.461,-1.04,0.1364,-2.1911,-20.08,-3.72,-5.23,4.98,,-16.83,,1.0,57.9,1.37,Aug 12/a,25.31,,HIGH,0.7062,0.6899,0.7383,0.6971569839307787,0.5624227441285538,0.9097651421508035
96,BFH,Bread Financial Holdings Inc,Financial,Credit Services,102.91,3950000000.0,-2.68,-4.71,0.76,1.321,1.98,0.1145,-2.2644,-10.15,-3.05,-3.77,3.69,3.66,20.14,7.52,2.12,13.4,1.14,Jul 23/b,7.49,REVIEW,HIGH,0.706,0.6465,0.6412,0.6749072929542645,0.8553770086526576,0.8603213844252163
97,ATRC,Atricure Inc,Healthcare,Medical Instruments & Supplies,58.38,3030000000.0,20.27,0.1,1.05,1.075,24.93,0.2821,-2.5355,-5.38,6.22,24.48,3.935,12.83,241.25,142.12,1.4,-8.7,1.27,Jul 23/a,8.77,,HIGH,0.7029,0.6909,0.7491,0.5970333745364648,0.9530284301606922,0.681087762669963
98,INN,Summit Hotel Properties Inc,Real Estate,REIT - Hotel & Motel,5.74,693120000.0,-5.28,1.41,0.99,1.101,-0.62,0.0708,-1.6138,-19.94,0.28,-7.25,2.7,3.16,319.38,,2.67,16.6,1.27,Aug 05/a,2.21,,HIGH,0.7017,0.7271,0.6761,0.8417799752781211,0.5648949320148331,0.7021013597033374
99,AVNT,Avient Corp,Basic Materials,Specialty Chemicals,41.28,3790000000.0,-7.59,2.08,1.07,0.741,-2.93,0.1226,-1.3487,-11.49,-1.43,-0.39,2.267,5.83,22.25,11.69,1.56,22.9,1.29,Aug 06/b,4.54,,HIGH,0.7015,0.6626,0.652,0.9035846724351051,0.8158220024721878,0.21940667490729296
100,COLM,Columbia Sportswear Co,Consumer Cyclical,Apparel Manufacturing,57.6,2920000000.0,-0.71,1.53,0.83,0.843,3.95,0.0419,-1.5195,-11.93,0.76,-1.86,2.5,1.5,378.34,13.6,2.55,21.2,0.93,Jul 30/a,20.03,,HIGH,0.7014,0.7577,0.6034,0.861557478368356,0.8046971569839307,0.3584672435105068
