rule,horizon,weeks,effective_n,mean_pct,median_pct,pct_weeks_positive,pct_weeks_cash,avg_names,median_names_when_held,worst_week,pct5,sd,mean_over_sd,nw_t,lag_cap_bound,vs_base_pp,vs_base_t,vs_base_ci_low,half1,half2
Q1:none,40,525,65.6,2.033,1.918,0.67,0.0,10.0,10.0,-31.52,-6.95,6.753,0.301,3.591,False,0.0,,,,
Q1:current,40,525,65.6,1.33,0.0,0.451,0.339,6.61,10.0,-31.52,-5.2,5.871,0.227,2.81,False,-0.703,-2.766,-1.202,,
Q1:inverted,40,525,65.6,0.703,0.0,0.219,0.661,3.39,10.0,-14.75,-4.38,3.608,0.195,2.766,False,-1.33,-2.81,-2.258,,
Q1:current_200d,40,525,65.6,1.333,0.0,0.49,0.276,7.24,10.0,-31.52,-6.13,5.889,0.226,2.555,False,-0.7,-2.421,-1.267,,
Q1:spy_50d,40,525,65.6,1.262,0.0,0.488,0.257,7.43,10.0,-31.52,-6.6,6.05,0.209,2.495,False,-0.772,-3.415,-1.215,,
Q2:vix_low,40,525,65.6,0.861,0.0,0.341,0.484,5.16,10.0,-24.99,-4.79,4.198,0.205,2.726,False,-1.173,-2.974,-1.946,0.835,0.886
Q2:vix_high,40,525,65.6,0.972,0.0,0.284,0.57,4.3,10.0,-31.52,-4.97,5.383,0.181,2.525,False,-1.061,-3.233,-1.705,1.064,0.881
Q2:drawdown,40,525,65.6,1.149,0.0,0.442,0.339,6.61,10.0,-31.52,-5.95,5.769,0.199,2.271,False,-0.884,-2.953,-1.471,1.024,1.273
Q2:drawdown_inv,40,525,65.6,0.683,0.0,0.183,0.714,2.86,10.0,-14.75,-3.67,3.635,0.188,2.409,False,-1.35,-2.636,-2.354,0.876,0.494
Q2:breadth,40,525,65.6,0.631,0.0,0.223,0.663,3.37,10.0,-24.99,-3.73,4.296,0.147,2.052,False,-1.402,-3.416,-2.207,,
Q3:no profile,40,525,65.6,2.033,1.918,0.67,0.0,10.0,10.0,-31.52,-6.95,6.753,0.301,3.591,False,0.0,,,,
Q3:calm 0.50,40,525,65.6,1.659,1.544,0.657,0.01,8.31,10.0,-27.76,-6.46,5.847,0.284,3.351,False,-0.375,-1.417,-0.893,,
Q3:calm 0.60,40,525,65.6,1.536,1.585,0.667,0.011,7.56,9.0,-35.17,-6.0,5.843,0.263,3.159,False,-0.497,-1.92,-1.005,,
Q3:calm 0.75,40,525,65.6,1.318,1.317,0.64,0.023,5.69,6.0,-28.8,-7.42,5.733,0.23,2.976,False,-0.715,-2.329,-1.317,,
Q3:calm 0.80,40,525,65.6,1.286,1.163,0.619,0.038,4.82,4.0,-30.43,-6.86,5.682,0.226,2.951,False,-0.748,-2.359,-1.369,,
Q3:calm 0.90,40,525,65.6,1.163,0.455,0.533,0.118,2.61,3.0,-33.32,-6.41,5.629,0.207,2.831,False,-0.87,-2.125,-1.672,,
Q4:top3,40,525,65.6,2.157,1.864,0.634,0.0,3.0,3.0,-32.41,-10.54,8.771,0.246,3.388,False,-0.036,-0.2,-0.393,,
Q4:top5,40,525,65.6,2.193,2.113,0.669,0.0,5.0,5.0,-33.64,-8.96,7.529,0.291,3.565,False,0.0,,,,
Q4:top8,40,525,65.6,2.227,2.287,0.665,0.0,8.0,8.0,-31.25,-7.78,7.369,0.302,3.712,False,0.033,0.194,-0.303,,
Q4:top12,40,525,65.6,1.896,1.831,0.667,0.0,12.0,12.0,-30.18,-7.06,6.534,0.29,3.351,False,-0.297,-1.589,-0.664,,
Q4:top20,40,525,65.6,1.869,1.936,0.684,0.0,20.0,20.0,-31.0,-6.55,5.891,0.317,3.482,False,-0.324,-1.649,-0.71,,
Q4:floor0.15,40,525,65.6,2.033,1.918,0.67,0.0,10.0,10.0,-31.52,-6.95,6.753,0.301,3.591,False,-0.16,-0.893,-0.511,,
Q4:floor0.05,40,525,65.6,2.273,2.144,0.67,0.0,10.0,10.0,-35.22,-7.77,7.548,0.301,3.591,False,0.079,0.434,-0.279,,
Q4:floor0.00,40,525,65.6,2.392,2.257,0.67,0.0,10.0,10.0,-37.08,-8.18,7.945,0.301,3.591,False,0.199,1.028,-0.18,,
H20:none,20,525,131.2,0.993,0.958,0.63,0.0,10.0,10.0,-41.06,-6.44,5.038,0.197,2.838,False,,,,,
H20:current,20,525,131.2,0.623,0.0,0.41,0.339,6.61,10.0,-41.06,-5.02,4.321,0.144,2.18,False,,,,,
H60:none,60,525,43.8,2.976,2.899,0.67,0.0,10.0,10.0,-37.17,-9.13,8.307,0.358,3.634,False,,,,,
H60:current,60,525,43.8,1.873,0.0,0.438,0.339,6.61,10.0,-37.17,-7.33,7.43,0.252,2.658,False,,,,,
