date,horizon,signal,ic
2026-04-17,5,mom20,-0.07482402854248184
2026-04-17,5,vol_ratio,0.08092196229138218
2026-04-17,5,squeeze,0.1474574934728019
2026-04-17,5,composite,0.054833902096998
2026-04-17,5,mom5,-0.09187241303288263
2026-04-17,5,mom60_skip5,0.10764925638695076
2026-04-17,5,mom60_riskadj,0.07253553222945643
2026-04-17,5,vol_5_50,0.048488746372271324
2026-04-17,5,squeeze_own,-0.008238080479228884
2026-04-17,5,low_vol,0.15497382126849463
2026-04-17,5,near_high,0.09664301435356794
2026-04-17,5,vs_sma50,0.0345363721519637
2026-04-17,5,vs_sma20,-0.11962071169067336
2026-04-17,5,rule5,0.1512676457645567
2026-04-17,5,rule5_mom20,0.1096138287593177
2026-04-17,10,mom20,-0.10549662529549299
2026-04-17,10,vol_ratio,0.09739607191125113
2026-04-17,10,squeeze,0.13926032524234633
2026-04-17,10,composite,0.027246464302366463
2026-04-17,10,mom5,-0.03772968908405595
2026-04-17,10,mom60_skip5,0.05238991290981049
2026-04-17,10,mom60_riskadj,0.002631532652074055
2026-04-17,10,vol_5_50,0.07033551827165427
2026-04-17,10,squeeze_own,-0.023276149733717645
2026-04-17,10,low_vol,0.15687980178385982
2026-04-17,10,near_high,0.09248229491374522
2026-04-17,10,vs_sma50,0.059633765461485334
2026-04-17,10,vs_sma20,-0.10613552440762378
2026-04-17,10,rule5,0.1390950403104246
2026-04-17,10,rule5_mom20,0.09494596080487422
2026-04-17,20,mom20,-0.046344465276284524
2026-04-17,20,vol_ratio,0.12534071520988563
2026-04-17,20,squeeze,0.08474771106819001
2026-04-17,20,composite,0.04207385853319145
2026-04-17,20,mom5,0.016119735314673818
2026-04-17,20,mom60_skip5,0.09286132414175496
2026-04-17,20,mom60_riskadj,0.08164668787837863
2026-04-17,20,vol_5_50,0.1223584841632949
2026-04-17,20,squeeze_own,-0.020997667207535427
2026-04-17,20,low_vol,0.0745305092982451
2026-04-17,20,near_high,0.12414129258199695
2026-04-17,20,vs_sma50,0.0810501123510272
2026-04-17,20,vs_sma20,-0.03309685847581033
2026-04-17,20,rule5,0.14023639179263941
2026-04-17,20,rule5_mom20,0.10661336079242828
2026-04-24,5,mom20,-0.02529939271573359
2026-04-24,5,vol_ratio,-0.03167813313863568
2026-04-24,5,squeeze,0.05330569271149088
2026-04-24,5,composite,-0.033273959614536025
2026-04-24,5,mom5,0.08361683684057514
2026-04-24,5,mom60_skip5,0.00030323370262980604
2026-04-24,5,mom60_riskadj,-0.026544916952891323
2026-04-24,5,vol_5_50,0.002706862880701084
2026-04-24,5,squeeze_own,-0.04157057368043293
2026-04-24,5,low_vol,0.08082125367929592
2026-04-24,5,near_high,0.10124782476802775
2026-04-24,5,vs_sma50,0.08246378345889932
2026-04-24,5,vs_sma20,0.055424139718631624
2026-04-24,5,rule5,0.050228743655416595
2026-04-24,5,rule5_mom20,0.03965338301518928
2026-04-24,10,mom20,0.07756981866738417
2026-04-24,10,vol_ratio,0.04092553826036859
2026-04-24,10,squeeze,-0.008402842029383266
2026-04-24,10,composite,0.031201828883272106
2026-04-24,10,mom5,-0.016964393109034304
2026-04-24,10,mom60_skip5,-0.030329350977326596
2026-04-24,10,mom60_riskadj,-0.0419533147323206
2026-04-24,10,vol_5_50,0.07261595559370959
2026-04-24,10,squeeze_own,-0.025285062839156033
2026-04-24,10,low_vol,0.02086760502910993
2026-04-24,10,near_high,0.041825825825426724
2026-04-24,10,vs_sma50,0.05084349465644798
2026-04-24,10,vs_sma20,0.10483032505900974
2026-04-24,10,rule5,0.015793965424086214
2026-04-24,10,rule5_mom20,0.03496245154818594
2026-04-24,20,mom20,0.020168465565821758
2026-04-24,20,vol_ratio,0.05961058521413309
2026-04-24,20,squeeze,0.00501224767440785
2026-04-24,20,composite,0.01928635130281553
2026-04-24,20,mom5,0.0614511755652317
2026-04-24,20,mom60_skip5,0.012146259809340339
2026-04-24,20,mom60_riskadj,0.007685405739056223
2026-04-24,20,vol_5_50,0.11033399941889054
2026-04-24,20,squeeze_own,-0.04307826746444228
2026-04-24,20,low_vol,0.011741893462580684
2026-04-24,20,near_high,0.07729901741357896
2026-04-24,20,vs_sma50,0.07323092716194746
2026-04-24,20,vs_sma20,0.09866125922734321
2026-04-24,20,rule5,0.06039907606859892
2026-04-24,20,rule5_mom20,0.06135125547366017
2026-05-01,5,mom20,0.10308765033143868
2026-05-01,5,vol_ratio,0.020361378810524192
2026-05-01,5,squeeze,-0.017313858353368686
2026-05-01,5,composite,0.03534380182324825
2026-05-01,5,mom5,-0.01330579927154862
2026-05-01,5,mom60_skip5,0.010754738752580113
2026-05-01,5,mom60_riskadj,0.010315268569269028
2026-05-01,5,vol_5_50,0.05617822513179727
2026-05-01,5,squeeze_own,-0.0004741226581922862
2026-05-01,5,low_vol,0.015698504495950463
2026-05-01,5,near_high,0.028617955329036906
2026-05-01,5,vs_sma50,0.02584842012202809
2026-05-01,5,vs_sma20,0.035489670904125775
2026-05-01,5,rule5,0.005424470885912222
2026-05-01,5,rule5_mom20,0.02445343613905405
2026-05-01,10,mom20,0.09380552164604267
2026-05-01,10,vol_ratio,0.0016728302100478866
2026-05-01,10,squeeze,-0.0295564232358669
2026-05-01,10,composite,0.013272342632681755
2026-05-01,10,mom5,0.03480855294702739
2026-05-01,10,mom60_skip5,0.1247640380879331
2026-05-01,10,mom60_riskadj,0.1298824982715476
2026-05-01,10,vol_5_50,0.0802417362451558
2026-05-01,10,squeeze_own,-0.0684951243651463
2026-05-01,10,low_vol,-0.013579088243305006
2026-05-01,10,near_high,0.10008928234161218
2026-05-01,10,vs_sma50,0.0806275495717372
2026-05-01,10,vs_sma20,0.0909249929287274
2026-05-01,10,rule5,0.036939604413244266
2026-05-01,10,rule5_mom20,0.052920152968935874
2026-05-01,20,mom20,0.1451197192004908
2026-05-01,20,vol_ratio,0.021182814571879045
2026-05-01,20,squeeze,-0.1490359350740937
2026-05-01,20,composite,0.011688413582090188
2026-05-01,20,mom5,0.008310832451759974
2026-05-01,20,mom60_skip5,0.006808394547854648
2026-05-01,20,mom60_riskadj,0.01018323577967393
2026-05-01,20,vol_5_50,0.12287125654458328
2026-05-01,20,squeeze_own,-0.10051553825840014
2026-05-01,20,low_vol,-0.11938106439689708
2026-05-01,20,near_high,0.019810552306006618
2026-05-01,20,vs_sma50,0.09057118786738087
2026-05-01,20,vs_sma20,0.10099626141695915
2026-05-01,20,rule5,-0.01651956963078572
2026-05-01,20,rule5_mom20,0.017529523937627634
2026-05-08,5,mom20,-0.024292958260565697
2026-05-08,5,vol_ratio,-0.022854255819129893
2026-05-08,5,squeeze,0.07038324979657187
2026-05-08,5,composite,0.00391722746940763
2026-05-08,5,mom5,-0.05574339119259937
2026-05-08,5,mom60_skip5,0.08760249642501881
2026-05-08,5,mom60_riskadj,0.09856299807016752
2026-05-08,5,vol_5_50,-0.04133582895259757
2026-05-08,5,squeeze_own,0.008828212428518603
2026-05-08,5,low_vol,0.09282519044242601
2026-05-08,5,near_high,0.11243136882094279
2026-05-08,5,vs_sma50,0.019236745054287813
2026-05-08,5,vs_sma20,0.02769975869530877
2026-05-08,5,rule5,0.05931973226403557
2026-05-08,5,rule5_mom20,0.0507636863652293
2026-05-08,10,mom20,0.0028324475621702167
2026-05-08,10,vol_ratio,0.057357167886548655
2026-05-08,10,squeeze,0.018788841352255295
2026-05-08,10,composite,0.027251493842412693
2026-05-08,10,mom5,-0.05156553036211061
2026-05-08,10,mom60_skip5,0.06672397209585877
2026-05-08,10,mom60_riskadj,0.07198825182273828
2026-05-08,10,vol_5_50,0.10559414291874583
2026-05-08,10,squeeze_own,-0.07032657210835072
2026-05-08,10,low_vol,0.04878195763648057
2026-05-08,10,near_high,0.09610348692233117
2026-05-08,10,vs_sma50,0.014747037534598205
2026-05-08,10,vs_sma20,-0.004293755815221439
2026-05-08,10,rule5,0.07518391499721397
2026-05-08,10,rule5_mom20,0.06905593356047032
2026-05-08,20,mom20,0.05547365343406039
2026-05-08,20,vol_ratio,0.08380134780595958
2026-05-08,20,squeeze,0.09014391102046936
2026-05-08,20,composite,0.11981199416507399
2026-05-08,20,mom5,0.007825888874329666
2026-05-08,20,mom60_skip5,0.05357291896843006
2026-05-08,20,mom60_riskadj,0.061348401448889256
2026-05-08,20,vol_5_50,0.1360589192172807
2026-05-08,20,squeeze_own,-0.03573743867321619
2026-05-08,20,low_vol,0.11292357565879602
2026-05-08,20,near_high,0.1913418534273134
2026-05-08,20,vs_sma50,0.07647232029386314
2026-05-08,20,vs_sma20,0.07247940542573761
2026-05-08,20,rule5,0.17749625031942115
2026-05-08,20,rule5_mom20,0.17521364190058292
2026-05-15,5,mom20,-0.07006678239761877
2026-05-15,5,vol_ratio,0.026946694150096547
2026-05-15,5,squeeze,-0.021059588795334917
2026-05-15,5,composite,-0.06917700113899264
2026-05-15,5,mom5,-0.07676029671401334
2026-05-15,5,mom60_skip5,-0.047707220444709326
2026-05-15,5,mom60_riskadj,-0.06207083746815345
2026-05-15,5,vol_5_50,0.11632417897381629
2026-05-15,5,squeeze_own,-0.10534836026181936
2026-05-15,5,low_vol,0.024157112246857685
2026-05-15,5,near_high,-0.027846169348690903
2026-05-15,5,vs_sma50,-0.06450002674820102
2026-05-15,5,vs_sma20,-0.0840691247042384
2026-05-15,5,rule5,-0.018474964119720487
2026-05-15,5,rule5_mom20,-0.034582601643168516
2026-05-15,10,mom20,-0.052198170419449096
2026-05-15,10,vol_ratio,0.0011242937832430715
2026-05-15,10,squeeze,-0.06613540828415576
2026-05-15,10,composite,-0.08530785169932231
2026-05-15,10,mom5,-0.1736119359249984
2026-05-15,10,mom60_skip5,0.017546847281963696
2026-05-15,10,mom60_riskadj,0.0047419728501578605
2026-05-15,10,vol_5_50,0.12637597591169125
2026-05-15,10,squeeze_own,-0.05106194909161323
2026-05-15,10,low_vol,-0.0708673288728943
2026-05-15,10,near_high,-0.038034811306550766
2026-05-15,10,vs_sma50,-0.011275672385645096
2026-05-15,10,vs_sma20,-0.06636691828581164
2026-05-15,10,rule5,-0.03732279836845074
2026-05-15,10,rule5_mom20,-0.04364932783389078
2026-05-15,20,mom20,0.0021212601660403167
2026-05-15,20,vol_ratio,0.03529603739210696
2026-05-15,20,squeeze,0.03534425097925274
2026-05-15,20,composite,0.02363415529077908
2026-05-15,20,mom5,-0.06315979620486685
2026-05-15,20,mom60_skip5,-0.02638652753173
2026-05-15,20,mom60_riskadj,-0.025145476489949695
2026-05-15,20,vol_5_50,0.0935841633412757
2026-05-15,20,squeeze_own,-0.0454611475681627
2026-05-15,20,low_vol,0.06382502997504101
2026-05-15,20,near_high,0.05735094754216594
2026-05-15,20,vs_sma50,0.02738633818584474
2026-05-15,20,vs_sma20,-0.005106948636061235
2026-05-15,20,rule5,0.0768523938083893
2026-05-15,20,rule5_mom20,0.06972144912526929
2026-05-22,5,mom20,0.06240551302606505
2026-05-22,5,vol_ratio,0.07385989477891401
2026-05-22,5,squeeze,-0.07897446827289449
2026-05-22,5,composite,0.023667753010717517
2026-05-22,5,mom5,0.08263894533606497
2026-05-22,5,mom60_skip5,0.050112210840175184
2026-05-22,5,mom60_riskadj,0.04712912220712116
2026-05-22,5,vol_5_50,0.031161380928044005
2026-05-22,5,squeeze_own,-0.023323255507188306
2026-05-22,5,low_vol,-0.11472850927713521
2026-05-22,5,near_high,0.019183192266511228
2026-05-22,5,vs_sma50,0.09768568079031986
2026-05-22,5,vs_sma20,0.046858868021474674
2026-05-22,5,rule5,-9.948098305215478e-05
2026-05-22,5,rule5_mom20,0.012944800139228068
2026-05-22,10,mom20,0.1090159264559478
2026-05-22,10,vol_ratio,-0.0046731524500583516
2026-05-22,10,squeeze,0.06095055900432006
2026-05-22,10,composite,0.09463855716019463
2026-05-22,10,mom5,0.01592323666814258
2026-05-22,10,mom60_skip5,0.09653642601260431
2026-05-22,10,mom60_riskadj,0.07703711773101352
2026-05-22,10,vol_5_50,-0.006666772132215289
2026-05-22,10,squeeze_own,-0.006647478974534646
2026-05-22,10,low_vol,0.07418729733276674
2026-05-22,10,near_high,0.1964703637470294
2026-05-22,10,vs_sma50,0.15276729350572268
2026-05-22,10,vs_sma20,0.10974426265539874
2026-05-22,10,rule5,0.13259133555599478
2026-05-22,10,rule5_mom20,0.14009599383457907
2026-05-22,20,mom20,0.10108293122325758
2026-05-22,20,vol_ratio,-0.037897408279502214
2026-05-22,20,squeeze,0.05242734132520672
2026-05-22,20,composite,0.0603372457622169
2026-05-22,20,mom5,0.07028769019854593
2026-05-22,20,mom60_skip5,0.05880509280088549
2026-05-22,20,mom60_riskadj,0.04832774158104154
2026-05-22,20,vol_5_50,0.013306313100562248
2026-05-22,20,squeeze_own,-0.028095000959822224
2026-05-22,20,low_vol,0.07738926828084575
2026-05-22,20,near_high,0.15982873560831373
2026-05-22,20,vs_sma50,0.11923823023567522
2026-05-22,20,vs_sma20,0.08601928656319727
2026-05-22,20,rule5,0.09994881037249491
2026-05-22,20,rule5_mom20,0.10967175588967269
2026-05-29,5,mom20,-0.03241933749500437
2026-05-29,5,vol_ratio,0.1342992435940786
2026-05-29,5,squeeze,0.1951483574949995
2026-05-29,5,composite,0.13413064891535717
2026-05-29,5,mom5,-0.09523650990087613
2026-05-29,5,mom60_skip5,0.09429823239577845
2026-05-29,5,mom60_riskadj,0.0950606524691432
2026-05-29,5,vol_5_50,-0.012594917114448887
2026-05-29,5,squeeze_own,0.0030828067451655642
2026-05-29,5,low_vol,0.24219695793109566
2026-05-29,5,near_high,0.22732082592317612
2026-05-29,5,vs_sma50,0.022195359716675498
2026-05-29,5,vs_sma20,-0.009507459005001374
2026-05-29,5,rule5,0.20997924671378915
2026-05-29,5,rule5_mom20,0.17680329399759992
2026-05-29,10,mom20,0.0077763858694145415
2026-05-29,10,vol_ratio,0.07139224816951474
2026-05-29,10,squeeze,0.1537489112263769
2026-05-29,10,composite,0.11500336239022159
2026-05-29,10,mom5,-0.08335232623481291
2026-05-29,10,mom60_skip5,0.10975894998403066
2026-05-29,10,mom60_riskadj,0.11254099839059852
2026-05-29,10,vol_5_50,-0.015240634059103314
2026-05-29,10,squeeze_own,0.012101529429953187
2026-05-29,10,low_vol,0.18459841418393752
2026-05-29,10,near_high,0.21935862475219556
2026-05-29,10,vs_sma50,0.05994842777429433
2026-05-29,10,vs_sma20,-0.01036212099761569
2026-05-29,10,rule5,0.18512839302461134
2026-05-29,10,rule5_mom20,0.16180992152669554
2026-05-29,20,mom20,0.05252481035911417
2026-05-29,20,vol_ratio,0.09726107637789437
2026-05-29,20,squeeze,0.10186252256782029
2026-05-29,20,composite,0.1273397830034524
2026-05-29,20,mom5,0.04588572731072685
2026-05-29,20,mom60_skip5,0.044799694658925714
2026-05-29,20,mom60_riskadj,0.05241090609628487
2026-05-29,20,vol_5_50,-0.00255696744604278
2026-05-29,20,squeeze_own,0.01277463915342511
2026-05-29,20,low_vol,0.12672273495400913
2026-05-29,20,near_high,0.15662993221720417
2026-05-29,20,vs_sma50,0.06937564352205922
2026-05-29,20,vs_sma20,0.0811366559590312
2026-05-29,20,rule5,0.14706388808115212
2026-05-29,20,rule5_mom20,0.14025029353633495
2026-06-05,5,mom20,-0.005202952330665705
2026-06-05,5,vol_ratio,-0.006348169226210051
2026-06-05,5,squeeze,0.08610636264106364
2026-06-05,5,composite,0.037233772142675814
2026-06-05,5,mom5,0.10828257884706415
2026-06-05,5,mom60_skip5,0.056075146302853145
2026-06-05,5,mom60_riskadj,0.06403396231103166
2026-06-05,5,vol_5_50,0.007103740372435561
2026-06-05,5,squeeze_own,0.03271726684353602
2026-06-05,5,low_vol,0.09598095661444762
2026-06-05,5,near_high,0.11503381253168363
2026-06-05,5,vs_sma50,0.03862415824113417
2026-06-05,5,vs_sma20,0.018612928432503194
2026-06-05,5,rule5,0.09751942657437991
2026-06-05,5,rule5_mom20,0.08311637508504298
2026-06-05,10,mom20,-0.01593633163102261
2026-06-05,10,vol_ratio,0.031001044862862676
2026-06-05,10,squeeze,0.016690767888649597
2026-06-05,10,composite,0.003239002052618952
2026-06-05,10,mom5,0.016944495050666208
2026-06-05,10,mom60_skip5,0.07082708344646055
2026-06-05,10,mom60_riskadj,0.07687562530667362
2026-06-05,10,vol_5_50,0.04225684346196008
2026-06-05,10,squeeze_own,0.013250066840032661
2026-06-05,10,low_vol,0.0006863785490407076
2026-06-05,10,near_high,-0.0008432874097552892
2026-06-05,10,vs_sma50,0.017008884094503914
2026-06-05,10,vs_sma20,-0.05682830059480363
2026-06-05,10,rule5,0.020977875671621977
2026-06-05,10,rule5_mom20,0.008608671687372192
2026-06-05,20,mom20,-0.02203827769334898
2026-06-05,20,vol_ratio,-0.03130547492814007
2026-06-05,20,squeeze,0.14625618687886305
2026-06-05,20,composite,0.022677492266182226
2026-06-05,20,mom5,0.14142870094936894
2026-06-05,20,mom60_skip5,-0.06518365212044412
2026-06-05,20,mom60_riskadj,-0.05320889743638117
2026-06-05,20,vol_5_50,0.03373222363295826
2026-06-05,20,squeeze_own,0.030567680760016404
2026-06-05,20,low_vol,0.18510711428894722
2026-06-05,20,near_high,0.10022583176268568
2026-06-05,20,vs_sma50,0.007057735651195901
2026-06-05,20,vs_sma20,0.13306775095677675
2026-06-05,20,rule5,0.10702415866387316
2026-06-05,20,rule5_mom20,0.08079595349603877
2026-06-12,5,mom20,-0.012033183584702692
2026-06-12,5,vol_ratio,0.0014748551766435413
2026-06-12,5,squeeze,-0.031343406571323805
2026-06-12,5,composite,-0.02806679704716541
2026-06-12,5,mom5,0.05036675307889304
2026-06-12,5,mom60_skip5,0.08122482813394054
2026-06-12,5,mom60_riskadj,0.08195623272211158
2026-06-12,5,vol_5_50,-0.011290849613887741
2026-06-12,5,squeeze_own,-0.010835672637493469
2026-06-12,5,low_vol,-0.06630922340888559
2026-06-12,5,near_high,-0.05390461562973623
2026-06-12,5,vs_sma50,0.041456348932991514
2026-06-12,5,vs_sma20,-0.052440059729852544
2026-06-12,5,rule5,-0.035101841830073546
2026-06-12,5,rule5_mom20,-0.039058125581005264
2026-06-12,10,mom20,0.16646899635236334
2026-06-12,10,vol_ratio,0.087236356146525
2026-06-12,10,squeeze,0.10244285405630571
2026-06-12,10,composite,0.20250970803461188
2026-06-12,10,mom5,0.15290455258901547
2026-06-12,10,mom60_skip5,0.049116132739167796
2026-06-12,10,mom60_riskadj,0.053968641352645334
2026-06-12,10,vol_5_50,-0.001877302133732479
2026-06-12,10,squeeze_own,0.06007506040417209
2026-06-12,10,low_vol,0.10866721011651756
2026-06-12,10,near_high,0.09452020359143389
2026-06-12,10,vs_sma50,0.11630308914632
2026-06-12,10,vs_sma20,0.15538632259001467
2026-06-12,10,rule5,0.12974546838682438
2026-06-12,10,rule5_mom20,0.15177993468600057
2026-06-12,20,mom20,0.168707969640233
2026-06-12,20,vol_ratio,0.11763881291139859
2026-06-12,20,squeeze,0.2351412161253907
2026-06-12,20,composite,0.27255291261206327
2026-06-12,20,mom5,0.18083757366281614
2026-06-12,20,mom60_skip5,-0.011872060452100403
2026-06-12,20,mom60_riskadj,0.003022605018133747
2026-06-12,20,vol_5_50,0.054527872489595446
2026-06-12,20,squeeze_own,0.08496641827246755
2026-06-12,20,low_vol,0.2555905142358894
2026-06-12,20,near_high,0.17214697895948575
2026-06-12,20,vs_sma50,0.09324376089983513
2026-06-12,20,vs_sma20,0.2141438662746057
2026-06-12,20,rule5,0.23950110814832096
2026-06-12,20,rule5_mom20,0.2485567271805652
2026-06-18,5,mom20,0.12998838604120966
2026-06-18,5,vol_ratio,0.21241250965875158
2026-06-18,5,squeeze,0.2853573891811059
2026-06-18,5,composite,0.3078604461198467
2026-06-18,5,mom5,-0.010613368372447906
2026-06-18,5,mom60_skip5,-0.011696379883435514
2026-06-18,5,mom60_riskadj,0.016308539434404364
2026-06-18,5,vol_5_50,0.14313575586894936
2026-06-18,5,squeeze_own,0.11597727535671584
2026-06-18,5,low_vol,0.31282113893952884
2026-06-18,5,near_high,0.23754285733521874
2026-06-18,5,vs_sma50,0.07929094196762117
2026-06-18,5,vs_sma20,0.21481127290865845
2026-06-18,5,rule5,0.3211446332883998
2026-06-18,5,rule5_mom20,0.3167811307550266
2026-06-18,10,mom20,0.049537217834620985
2026-06-18,10,vol_ratio,0.19851113670901488
2026-06-18,10,squeeze,0.1991261127541621
2026-06-18,10,composite,0.2083405083593839
2026-06-18,10,mom5,-0.01794311045801925
2026-06-18,10,mom60_skip5,-0.09992646346860684
2026-06-18,10,mom60_riskadj,-0.07512198635047425
2026-06-18,10,vol_5_50,0.11543361584544445
2026-06-18,10,squeeze_own,0.07063792320539317
2026-06-18,10,low_vol,0.23095535023702762
2026-06-18,10,near_high,0.12422491253020791
2026-06-18,10,vs_sma50,-0.01836732183313242
2026-06-18,10,vs_sma20,0.12136043447740566
2026-06-18,10,rule5,0.2091650495517354
2026-06-18,10,rule5_mom20,0.1999290215317555
2026-06-18,20,mom20,0.0537059072605515
2026-06-18,20,vol_ratio,0.26497667763872906
2026-06-18,20,squeeze,0.35494396629876823
2026-06-18,20,composite,0.29826050790970127
2026-06-18,20,mom5,-0.09911514906475352
2026-06-18,20,mom60_skip5,-0.09090274514540518
2026-06-18,20,mom60_riskadj,-0.06533633934301822
2026-06-18,20,vol_5_50,0.15067086837018112
2026-06-18,20,squeeze_own,0.1255549022004389
2026-06-18,20,low_vol,0.3973101506100664
2026-06-18,20,near_high,0.20201670267419708
2026-06-18,20,vs_sma50,-0.0046035274337618394
2026-06-18,20,vs_sma20,0.11125965779304924
2026-06-18,20,rule5,0.3294235594641392
2026-06-18,20,rule5_mom20,0.30360188911542196
2026-06-26,5,mom20,-0.039785353935926734
2026-06-26,5,vol_ratio,0.07079633740282014
2026-06-26,5,squeeze,0.0033225740572894024
2026-06-26,5,composite,0.0055691103897374545
2026-06-26,5,mom5,0.1193508725520486
2026-06-26,5,mom60_skip5,-0.1672005392339437
2026-06-26,5,mom60_riskadj,-0.15378759172296289
2026-06-26,5,vol_5_50,0.0373312280980197
2026-06-26,5,squeeze_own,-0.04709372356417711
2026-06-26,5,low_vol,0.0249927571677803
2026-06-26,5,near_high,-0.0065086116250502824
2026-06-26,5,vs_sma50,-0.07222407558917665
2026-06-26,5,vs_sma20,0.04874780430501691
2026-06-26,5,rule5,0.005078439657591737
2026-06-26,5,rule5_mom20,-0.003822022022763663
2026-06-26,10,mom20,0.1112653550448588
2026-06-26,10,vol_ratio,0.16225504913373545
2026-06-26,10,squeeze,0.2186214882948121
2026-06-26,10,composite,0.2055112616078644
2026-06-26,10,mom5,0.28664372759503415
2026-06-26,10,mom60_skip5,-0.1992824319971896
2026-06-26,10,mom60_riskadj,-0.18263893367374023
2026-06-26,10,vol_5_50,0.12938759413029807
2026-06-26,10,squeeze_own,0.0064823014994625505
2026-06-26,10,low_vol,0.2544698295998503
2026-06-26,10,near_high,0.16059803853053753
2026-06-26,10,vs_sma50,0.04230125728299695
2026-06-26,10,vs_sma20,0.16453768034226673
2026-06-26,10,rule5,0.21412036580389363
2026-06-26,10,rule5_mom20,0.20838347569603333
2026-06-26,20,mom20,0.18277180360329845
2026-06-26,20,vol_ratio,0.19116383010094287
2026-06-26,20,squeeze,0.29666436718558753
2026-06-26,20,composite,0.2876347605158248
2026-06-26,20,mom5,0.33054099439431145
2026-06-26,20,mom60_skip5,-0.20129786833490781
2026-06-26,20,mom60_riskadj,-0.17031257906621594
2026-06-26,20,vol_5_50,0.164902065937714
2026-06-26,20,squeeze_own,0.011740663942039214
2026-06-26,20,low_vol,0.35698040818435506
2026-06-26,20,near_high,0.25458958998513026
2026-06-26,20,vs_sma50,0.08176083355604426
2026-06-26,20,vs_sma20,0.2193071123069138
2026-06-26,20,rule5,0.2999476775788558
2026-06-26,20,rule5_mom20,0.29856017734735674
2026-07-02,5,mom20,0.06837152317152596
2026-07-02,5,vol_ratio,0.039593772394078915
2026-07-02,5,squeeze,0.1563773501601507
2026-07-02,5,composite,0.13133035836084622
2026-07-02,5,mom5,-0.06329379163243151
2026-07-02,5,mom60_skip5,0.004678944689658606
2026-07-02,5,mom60_riskadj,0.014956873491207029
2026-07-02,5,vol_5_50,0.06578846600437332
2026-07-02,5,squeeze_own,-0.03934888068915383
2026-07-02,5,low_vol,0.24640882971685416
2026-07-02,5,near_high,0.14767486439683614
2026-07-02,5,vs_sma50,0.06453319376832646
2026-07-02,5,vs_sma20,0.00835033015161346
2026-07-02,5,rule5,0.18215051455878678
2026-07-02,5,rule5_mom20,0.16992535224623362
2026-07-02,10,mom20,0.22064338139139736
2026-07-02,10,vol_ratio,0.04273966622259892
2026-07-02,10,squeeze,0.265747777301415
2026-07-02,10,composite,0.2705369548287754
2026-07-02,10,mom5,0.028130332089413995
2026-07-02,10,mom60_skip5,-0.043774135043918645
2026-07-02,10,mom60_riskadj,-0.02338403055247613
2026-07-02,10,vol_5_50,0.1408024521179198
2026-07-02,10,squeeze_own,-0.06974135181711277
2026-07-02,10,low_vol,0.39616605678523437
2026-07-02,10,near_high,0.30252537387822
2026-07-02,10,vs_sma50,0.1689957114125195
2026-07-02,10,vs_sma20,0.16138740390499248
2026-07-02,10,rule5,0.3301479808233192
2026-07-02,10,rule5_mom20,0.3294687445280572
2026-07-02,20,mom20,0.18355494896804977
2026-07-02,20,vol_ratio,0.06574553659081724
2026-07-02,20,squeeze,0.27116956289958366
2026-07-02,20,composite,0.25300774150005306
2026-07-02,20,mom5,0.0413355317495585
2026-07-02,20,mom60_skip5,-0.1302354615368882
2026-07-02,20,mom60_riskadj,-0.11076067655304786
2026-07-02,20,vol_5_50,0.16406074447571342
2026-07-02,20,squeeze_own,-0.056425428849774834
2026-07-02,20,low_vol,0.3864192125213102
2026-07-02,20,near_high,0.24349958436369193
2026-07-02,20,vs_sma50,0.10235884693211686
2026-07-02,20,vs_sma20,0.12831967846343675
2026-07-02,20,rule5,0.2943529584111056
2026-07-02,20,rule5_mom20,0.28970789148263265
2026-07-10,5,mom20,0.2126181868144204
2026-07-10,5,vol_ratio,0.06219216140613665
2026-07-10,5,squeeze,0.28207636528139307
2026-07-10,5,composite,0.27504580213994567
2026-07-10,5,mom5,0.2379536220499071
2026-07-10,5,mom60_skip5,-0.011623041556252668
2026-07-10,5,mom60_riskadj,0.01673779411911569
2026-07-10,5,vol_5_50,0.12377438451800052
2026-07-10,5,squeeze_own,-0.0445756085994445
2026-07-10,5,low_vol,0.36333737852754205
2026-07-10,5,near_high,0.3716544448722847
2026-07-10,5,vs_sma50,0.24116432476919916
2026-07-10,5,vs_sma20,0.3053591879587781
2026-07-10,5,rule5,0.36564335436692386
2026-07-10,5,rule5_mom20,0.3595239288788434
2026-07-10,10,mom20,0.11476233251049096
2026-07-10,10,vol_ratio,0.09648919921776873
2026-07-10,10,squeeze,0.32558227849472243
2026-07-10,10,composite,0.24469426010660758
2026-07-10,10,mom5,0.254895750887592
2026-07-10,10,mom60_skip5,-0.08655153099674943
2026-07-10,10,mom60_riskadj,-0.07290553568701047
2026-07-10,10,vol_5_50,0.15608640817641506
2026-07-10,10,squeeze_own,-0.00984104805600283
2026-07-10,10,low_vol,0.3665046633744137
2026-07-10,10,near_high,0.31018858434146457
2026-07-10,10,vs_sma50,0.14817540639849097
2026-07-10,10,vs_sma20,0.2316043519277052
2026-07-10,10,rule5,0.34095155191388676
2026-07-10,10,rule5_mom20,0.3192634129746037
2026-07-10,20,mom20,0.014740490972720047
2026-07-10,20,vol_ratio,0.05591707852274606
2026-07-10,20,squeeze,0.14929173277020524
2026-07-10,20,composite,0.07976106149415829
2026-07-10,20,mom5,0.0347660586309874
2026-07-10,20,mom60_skip5,-0.03589824099083278
2026-07-10,20,mom60_riskadj,-0.046590408062643356
2026-07-10,20,vol_5_50,0.07413510186358754
2026-07-10,20,squeeze_own,0.00659682670636132
2026-07-10,20,low_vol,0.17048676679681152
2026-07-10,20,near_high,0.11018348449074618
2026-07-10,20,vs_sma50,0.02859663520406927
2026-07-10,20,vs_sma20,0.0741432347392002
2026-07-10,20,rule5,0.12985415254186808
2026-07-10,20,rule5_mom20,0.11498921478493565
2026-07-17,5,mom20,-0.05425411151403389
2026-07-17,5,vol_ratio,0.0871015613952618
2026-07-17,5,squeeze,0.19860785887910276
2026-07-17,5,composite,0.09491967888003724
2026-07-17,5,mom5,-0.002951657235937448
2026-07-17,5,mom60_skip5,-0.10653671985591727
2026-07-17,5,mom60_riskadj,-0.1101694287235586
2026-07-17,5,vol_5_50,0.012887999170692653
2026-07-17,5,squeeze_own,0.08476313250863933
2026-07-17,5,low_vol,0.17861888239145948
2026-07-17,5,near_high,0.04655174321515141
2026-07-17,5,vs_sma50,-0.05105879663513021
2026-07-17,5,vs_sma20,-0.00020389213955228597
2026-07-17,5,rule5,0.11487310990651292
2026-07-17,5,rule5_mom20,0.08601169141620288
2026-07-17,10,mom20,0.054237412661985195
2026-07-17,10,vol_ratio,0.08299267763210413
2026-07-17,10,squeeze,0.15840659334229543
2026-07-17,10,composite,0.1293501944281795
2026-07-17,10,mom5,0.005970520092151379
2026-07-17,10,mom60_skip5,-0.07207670966451049
2026-07-17,10,mom60_riskadj,-0.08040439749785193
2026-07-17,10,vol_5_50,0.0162232818458081
2026-07-17,10,squeeze_own,0.05379161543442942
2026-07-17,10,low_vol,0.17136777854450855
2026-07-17,10,near_high,0.08613567614555279
2026-07-17,10,vs_sma50,0.01760119647883177
2026-07-17,10,vs_sma20,0.06801128538205006
2026-07-17,10,rule5,0.12604739853124103
2026-07-17,10,rule5_mom20,0.11731584763970099
2026-07-17,20,mom20,-0.0970631660385413
2026-07-17,20,vol_ratio,0.09458874390226353
2026-07-17,20,squeeze,-0.008049371514909148
2026-07-17,20,composite,-0.03260090879536773
2026-07-17,20,mom5,-0.10000898151974846
2026-07-17,20,mom60_skip5,-0.059005160191634216
2026-07-17,20,mom60_riskadj,-0.07997310274722197
2026-07-17,20,vol_5_50,-0.008779859908556134
2026-07-17,20,squeeze_own,0.03481823894985988
2026-07-17,20,low_vol,-0.004042405283679125
2026-07-17,20,near_high,-0.10353693851712562
2026-07-17,20,vs_sma50,-0.12828742556986175
2026-07-17,20,vs_sma20,-0.11469874872948962
2026-07-17,20,rule5,-0.04722172636610499
2026-07-17,20,rule5_mom20,-0.06488867555196988
2026-07-24,5,mom20,0.06283940832652342
2026-07-24,5,vol_ratio,0.05330149776244495
2026-07-24,5,squeeze,0.04852571760080193
2026-07-24,5,composite,0.0662090598535118
2026-07-24,5,mom5,-0.06062811463853726
2026-07-24,5,mom60_skip5,-0.0006359238833607465
2026-07-24,5,mom60_riskadj,0.009480323367144878
2026-07-24,5,vol_5_50,0.025749882641370733
2026-07-24,5,squeeze_own,0.0534197209089673
2026-07-24,5,low_vol,0.03761409331102596
2026-07-24,5,near_high,0.06936172055967896
2026-07-24,5,vs_sma50,0.08069159475017
2026-07-24,5,vs_sma20,0.03893045099872788
2026-07-24,5,rule5,0.054714358521318354
2026-07-24,5,rule5_mom20,0.06132910955432369
2026-07-24,10,mom20,-0.12121359357783382
2026-07-24,10,vol_ratio,0.05400440080393148
2026-07-24,10,squeeze,-0.13555921128955867
2026-07-24,10,composite,-0.12350468720958506
2026-07-24,10,mom5,-0.05618861404728899
2026-07-24,10,mom60_skip5,-0.06078015076787917
2026-07-24,10,mom60_riskadj,-0.053193737424412364
2026-07-24,10,vol_5_50,-0.051496695968932554
2026-07-24,10,squeeze_own,-0.011026749468853934
2026-07-24,10,low_vol,-0.11694613683165343
2026-07-24,10,near_high,-0.15642140584186112
2026-07-24,10,vs_sma50,-0.10655602772604014
2026-07-24,10,vs_sma20,-0.1547233255745636
2026-07-24,10,rule5,-0.14571983477975
2026-07-24,10,rule5_mom20,-0.15046696704724433
2026-07-24,20,mom20,-0.04150387818817076
2026-07-24,20,vol_ratio,0.027764315265112593
2026-07-24,20,squeeze,-0.041859050724431496
2026-07-24,20,composite,-0.045386345970311326
2026-07-24,20,mom5,-0.010033842085059037
2026-07-24,20,mom60_skip5,-0.06055435205884352
2026-07-24,20,mom60_riskadj,-0.054691393311279056
2026-07-24,20,vol_5_50,-0.007891190390975833
2026-07-24,20,squeeze_own,-0.002652261873245872
2026-07-24,20,low_vol,-0.01480181978637419
2026-07-24,20,near_high,-0.06688497105821825
2026-07-24,20,vs_sma50,-0.03919264114113081
2026-07-24,20,vs_sma20,-0.06195495825120556
2026-07-24,20,rule5,-0.05551621987926971
2026-07-24,20,rule5_mom20,-0.05566563350323174
2026-07-31,5,mom20,-0.2296828073079409
2026-07-31,5,vol_ratio,-0.05172312205679112
2026-07-31,5,squeeze,-0.2088644400833584
2026-07-31,5,composite,-0.23760008191613485
2026-07-31,5,mom5,-0.10935430998007967
2026-07-31,5,mom60_skip5,-0.10564724034706097
2026-07-31,5,mom60_riskadj,-0.08903068701926786
2026-07-31,5,vol_5_50,-0.0862142057895402
2026-07-31,5,squeeze_own,-0.001062981550288761
2026-07-31,5,low_vol,-0.16692545460435365
2026-07-31,5,near_high,-0.2572816914400223
2026-07-31,5,vs_sma50,-0.1941750966588383
2026-07-31,5,vs_sma20,-0.15805732612911227
2026-07-31,5,rule5,-0.2464015113011359
2026-07-31,5,rule5_mom20,-0.25586934156530805
2026-07-31,10,mom20,-0.20967921067950876
2026-07-31,10,vol_ratio,-0.006131052697967927
2026-07-31,10,squeeze,-0.18759981546222274
2026-07-31,10,composite,-0.2045241344067367
2026-07-31,10,mom5,-0.12384227607676271
2026-07-31,10,mom60_skip5,-0.09770244257416684
2026-07-31,10,mom60_riskadj,-0.08822068073183309
2026-07-31,10,vol_5_50,-0.034515489372980435
2026-07-31,10,squeeze_own,-0.025297419097106116
2026-07-31,10,low_vol,-0.1466593064071921
2026-07-31,10,near_high,-0.24955589721982435
2026-07-31,10,vs_sma50,-0.20164785161394452
2026-07-31,10,vs_sma20,-0.17490207931160262
2026-07-31,10,rule5,-0.22017120533338894
2026-07-31,10,rule5_mom20,-0.2320186009463705
2026-07-31,20,mom20,-0.09696889384110804
2026-07-31,20,vol_ratio,-0.024145953711183898
2026-07-31,20,squeeze,-0.0722262586983985
2026-07-31,20,composite,-0.0939855036297803
2026-07-31,20,mom5,-0.13786059256346117
2026-07-31,20,mom60_skip5,-0.04405678893510101
2026-07-31,20,mom60_riskadj,-0.05973828172952343
2026-07-31,20,vol_5_50,-0.022188911949262487
2026-07-31,20,squeeze_own,-0.04382041254323625
2026-07-31,20,low_vol,0.00809425686106259
2026-07-31,20,near_high,-0.0737516499110373
2026-07-31,20,vs_sma50,-0.04205569604582622
2026-07-31,20,vs_sma20,-0.10393906362007699
2026-07-31,20,rule5,-0.06627115379403761
2026-07-31,20,rule5_mom20,-0.07473873237094848
2026-08-07,5,mom20,0.03996483466803378
2026-08-07,5,vol_ratio,-0.04036873448984871
2026-08-07,5,squeeze,0.029196508455630345
2026-08-07,5,composite,0.009634947147551502
2026-08-07,5,mom5,0.08879824569773206
2026-08-07,5,mom60_skip5,-0.0417910100364229
2026-08-07,5,mom60_riskadj,-0.08542865096089494
2026-08-07,5,vol_5_50,-0.05835819513256285
2026-08-07,5,squeeze_own,0.032580686138029016
2026-08-07,5,low_vol,0.042151046735809106
2026-08-07,5,near_high,0.003817040595057017
2026-08-07,5,vs_sma50,0.015391012231467152
2026-08-07,5,vs_sma20,0.05307933862039844
2026-08-07,5,rule5,-0.007613423494706233
2026-08-07,5,rule5_mom20,-0.001313590610648223
2026-08-07,10,mom20,0.05695731476223574
2026-08-07,10,vol_ratio,-0.038497156955017986
2026-08-07,10,squeeze,0.1713060850955973
2026-08-07,10,composite,0.08659876516853456
2026-08-07,10,mom5,0.06883613881492195
2026-08-07,10,mom60_skip5,0.020366767187063504
2026-08-07,10,mom60_riskadj,-0.03735363405646835
2026-08-07,10,vol_5_50,-0.0821154725087523
2026-08-07,10,squeeze_own,0.08596579511530103
2026-08-07,10,low_vol,0.17285775501592254
2026-08-07,10,near_high,0.10369868447949336
2026-08-07,10,vs_sma50,0.09488531848384021
2026-08-07,10,vs_sma20,0.05135591298782067
2026-08-07,10,rule5,0.1003912131895217
2026-08-07,10,rule5_mom20,0.10198311912946804
2026-08-07,20,mom20,0.027886722231341025
2026-08-07,20,vol_ratio,-0.030041862822239408
2026-08-07,20,squeeze,0.1847785786651415
2026-08-07,20,composite,0.0741009013676547
2026-08-07,20,mom5,0.03152868961302708
2026-08-07,20,mom60_skip5,0.041404561772446676
2026-08-07,20,mom60_riskadj,-0.028871589590480917
2026-08-07,20,vol_5_50,-0.05310283627889964
2026-08-07,20,squeeze_own,0.049348891694938474
2026-08-07,20,low_vol,0.19375697658312308
2026-08-07,20,near_high,0.12403843235233342
2026-08-07,20,vs_sma50,0.09298175497066914
2026-08-07,20,vs_sma20,0.015028009885795402
2026-08-07,20,rule5,0.11792250973947299
2026-08-07,20,rule5_mom20,0.11140267683171459
2026-08-14,5,mom20,0.09448248815834157
2026-08-14,5,vol_ratio,0.011500943470451969
2026-08-14,5,squeeze,0.1540305310576775
2026-08-14,5,composite,0.12739117786813536
2026-08-14,5,mom5,-0.11180480481134984
2026-08-14,5,mom60_skip5,0.1108538415614028
2026-08-14,5,mom60_riskadj,0.1065359647218977
2026-08-14,5,vol_5_50,-0.003484572985649124
2026-08-14,5,squeeze_own,0.033761934190844806
2026-08-14,5,low_vol,0.18422216680787393
2026-08-14,5,near_high,0.1708411563527439
2026-08-14,5,vs_sma50,0.17410488631185553
2026-08-14,5,vs_sma20,0.06242734287692108
2026-08-14,5,rule5,0.18251474436430754
2026-08-14,5,rule5_mom20,0.18328061465330134
2026-08-14,10,mom20,0.0669553261177959
2026-08-14,10,vol_ratio,-0.01275698532291274
2026-08-14,10,squeeze,0.14376619175442545
2026-08-14,10,composite,0.09414335166520332
2026-08-14,10,mom5,-0.08960315652345352
2026-08-14,10,mom60_skip5,0.13963441997906212
2026-08-14,10,mom60_riskadj,0.14328171090712444
2026-08-14,10,vol_5_50,0.004050691469691224
2026-08-14,10,squeeze_own,-0.012389995894732766
2026-08-14,10,low_vol,0.18583592717942038
2026-08-14,10,near_high,0.2119556623581282
2026-08-14,10,vs_sma50,0.19619578576472108
2026-08-14,10,vs_sma20,0.04788859206511684
2026-08-14,10,rule5,0.20466700094335238
2026-08-14,10,rule5_mom20,0.19847346003622166
2026-08-14,20,mom20,0.03763523833447403
2026-08-14,20,vol_ratio,0.029952614422379193
2026-08-14,20,squeeze,0.15304077815332223
2026-08-14,20,composite,0.09884193454996043
2026-08-14,20,mom5,-0.035682285626287676
2026-08-14,20,mom60_skip5,0.10795250569496818
2026-08-14,20,mom60_riskadj,0.12343285466682949
2026-08-14,20,vol_5_50,0.0748717328688157
2026-08-14,20,squeeze_own,-0.04150752394976643
2026-08-14,20,low_vol,0.19084673503917765
2026-08-14,20,near_high,0.2383936435772596
2026-08-14,20,vs_sma50,0.1766720094029266
2026-08-14,20,vs_sma20,0.030225278712724502
2026-08-14,20,rule5,0.23760571316643342
2026-08-14,20,rule5_mom20,0.2234245370663212
2026-08-21,5,mom20,-0.016296553902159946
2026-08-21,5,vol_ratio,0.003697790231753499
2026-08-21,5,squeeze,0.11642979096022175
2026-08-21,5,composite,0.05621802816788311
2026-08-21,5,mom5,0.15026627822370445
2026-08-21,5,mom60_skip5,0.18398455209167927
2026-08-21,5,mom60_riskadj,0.1861543350795221
2026-08-21,5,vol_5_50,-0.011381782821895446
2026-08-21,5,squeeze_own,-0.02222130650252785
2026-08-21,5,low_vol,0.14557643785530244
2026-08-21,5,near_high,0.19366985104573273
2026-08-21,5,vs_sma50,0.11830485629687681
2026-08-21,5,vs_sma20,0.02857421447810521
2026-08-21,5,rule5,0.15973306944056734
2026-08-21,5,rule5_mom20,0.14477883449714898
2026-08-21,10,mom20,0.029519680769109755
2026-08-21,10,vol_ratio,0.05842232258687368
2026-08-21,10,squeeze,0.08929457218971457
2026-08-21,10,composite,0.09021223739663307
2026-08-21,10,mom5,0.08467110720421381
2026-08-21,10,mom60_skip5,0.09151549198955788
2026-08-21,10,mom60_riskadj,0.08961910902981204
2026-08-21,10,vol_5_50,0.05323240948993296
2026-08-21,10,squeeze_own,-0.014991877475008039
2026-08-21,10,low_vol,0.10577931669723172
2026-08-21,10,near_high,0.14149886883576926
2026-08-21,10,vs_sma50,0.09935541022177728
2026-08-21,10,vs_sma20,0.06313625250733061
2026-08-21,10,rule5,0.1430709935537111
2026-08-21,10,rule5_mom20,0.138998382030133
2026-08-28,5,mom20,0.03716070867670968
2026-08-28,5,vol_ratio,0.08108476526988968
2026-08-28,5,squeeze,-0.0020182355280208212
2026-08-28,5,composite,0.05703124275158153
2026-08-28,5,mom5,0.032511095249795285
2026-08-28,5,mom60_skip5,0.007426381507083176
2026-08-28,5,mom60_riskadj,0.003895380715501015
2026-08-28,5,vol_5_50,0.047283805865362585
2026-08-28,5,squeeze_own,-0.04122647471029475
2026-08-28,5,low_vol,0.02559120195129568
2026-08-28,5,near_high,0.031238613568941524
2026-08-28,5,vs_sma50,0.043988696290754276
2026-08-28,5,vs_sma20,0.046316214811555206
2026-08-28,5,rule5,0.05138418608577487
2026-08-28,5,rule5_mom20,0.05779414506442509
2026-08-28,10,mom20,-0.030479452564622093
2026-08-28,10,vol_ratio,0.008592539224645755
2026-08-28,10,squeeze,0.07491852717725041
2026-08-28,10,composite,0.004216665772419518
2026-08-28,10,mom5,0.05035025433359059
2026-08-28,10,mom60_skip5,0.06497304082255902
2026-08-28,10,mom60_riskadj,0.08384698153554973
2026-08-28,10,vol_5_50,0.03713412588298569
2026-08-28,10,squeeze_own,-0.06161310742112126
2026-08-28,10,low_vol,0.133136858643641
2026-08-28,10,near_high,0.11279854451373969
2026-08-28,10,vs_sma50,0.0499244474805016
2026-08-28,10,vs_sma20,0.051458309085042855
2026-08-28,10,rule5,0.09998063684856819
2026-08-28,10,rule5_mom20,0.08363681447387905
2026-09-04,5,mom20,0.013367799534255893
2026-09-04,5,vol_ratio,0.002908006319374192
2026-09-04,5,squeeze,0.13744913731170674
2026-09-04,5,composite,0.06971229438961893
2026-09-04,5,mom5,-0.05773261142886992
2026-09-04,5,mom60_skip5,0.05802933588293732
2026-09-04,5,mom60_riskadj,0.07852189755059898
2026-09-04,5,vol_5_50,0.05113427662248717
2026-09-04,5,squeeze_own,0.029253809194028434
2026-09-04,5,low_vol,0.1761131031526427
2026-09-04,5,near_high,0.11048655388296982
2026-09-04,5,vs_sma50,0.016701232355700247
2026-09-04,5,vs_sma20,0.029737593884716466
2026-09-04,5,rule5,0.12779566326483455
2026-09-04,5,rule5_mom20,0.11170763468088915
