date,horizon,signal,top_n,mean_vs_mean,median_vs_median
2026-04-17,5,composite,15,0.04619756568502453,0.037039848445483026
2026-04-17,5,composite,50,0.0009164888024768073,-0.005764853660334857
2026-04-17,5,rule5,15,0.03884435591344038,0.00709774508699057
2026-04-17,5,rule5,50,0.010959836634351173,0.010937350620922603
2026-04-17,5,rule5_mom20,15,0.04666084182099261,0.014702210059377552
2026-04-17,5,rule5_mom20,50,0.015979759371128794,0.008513268813023167
2026-04-17,5,near_high,15,-0.0036228563669335415,0.00807028580332736
2026-04-17,5,near_high,50,0.011633156763366168,0.007453226836255267
2026-04-17,5,low_vol,15,0.00841163835140116,0.00825701266757961
2026-04-17,5,low_vol,50,0.00879700495669507,0.01052458556678787
2026-04-17,10,composite,15,0.04566608189311374,0.009531143972072997
2026-04-17,10,composite,50,0.005506156566991657,0.0007140649806889887
2026-04-17,10,rule5,15,0.0524402851741806,0.03421191718570016
2026-04-17,10,rule5,50,0.017849325925214772,0.024392062115077384
2026-04-17,10,rule5_mom20,15,0.057596462418651496,0.03656156826794443
2026-04-17,10,rule5_mom20,50,0.016766153139681092,0.02199635746975126
2026-04-17,10,near_high,15,-0.019336202000937348,-0.0030728362547952637
2026-04-17,10,near_high,50,0.00431041374772421,0.005136699415127566
2026-04-17,10,low_vol,15,0.009175535873815267,0.014199400272354779
2026-04-17,10,low_vol,50,0.010755875752313732,0.019399521687603505
2026-04-17,20,composite,15,0.08137889406945212,0.12439191978546571
2026-04-17,20,composite,50,0.013211316858533204,0.009729522042355776
2026-04-17,20,rule5,15,0.039194060744546046,0.03879338375765495
2026-04-17,20,rule5,50,0.014456327130333799,0.03747357196536649
2026-04-17,20,rule5_mom20,15,0.052194907278829306,0.07641198863091714
2026-04-17,20,rule5_mom20,50,0.01726955447777074,0.03747357196536649
2026-04-17,20,near_high,15,-0.011794395622251881,-0.024425842559297584
2026-04-17,20,near_high,50,-0.015738281380639617,0.01782467767252377
2026-04-17,20,low_vol,15,0.029914847397782753,0.045989021663362495
2026-04-17,20,low_vol,50,-0.002008102098069415,0.024168558318737876
2026-04-24,5,composite,15,-0.007218619478000128,0.0023474138614119067
2026-04-24,5,composite,50,0.008248020762214765,0.0009082990290897319
2026-04-24,5,rule5,15,0.012913536317427796,0.014488259255959868
2026-04-24,5,rule5,50,0.007571891070169513,0.009036949465760724
2026-04-24,5,rule5_mom20,15,0.012028368829759748,0.008166418915793505
2026-04-24,5,rule5_mom20,50,0.0063687856506377954,0.008478540332436002
2026-04-24,5,near_high,15,-0.0021102765211374695,0.00846953535856243
2026-04-24,5,near_high,50,0.014319280855668148,0.015021484230661408
2026-04-24,5,low_vol,15,-0.0036954052942316934,-0.0020680977592570926
2026-04-24,5,low_vol,50,0.0019237780708007222,0.0020546573673622115
2026-04-24,10,composite,15,-0.04566592974264972,-0.032877050201922775
2026-04-24,10,composite,50,0.0017448671766085444,-0.002855302568413931
2026-04-24,10,rule5,15,-0.004250995703060451,-0.006901378286483739
2026-04-24,10,rule5,50,-0.007185976312333078,-0.0016394030333209964
2026-04-24,10,rule5_mom20,15,0.013899269505894284,0.010095415350811932
2026-04-24,10,rule5_mom20,50,-0.019544249570974295,-0.0032576085980564606
2026-04-24,10,near_high,15,-0.05518524316744316,-0.02912030104193497
2026-04-24,10,near_high,50,-0.0002578202879840383,0.003133542411554835
2026-04-24,10,low_vol,15,-0.015267471935903186,-0.005175363059197524
2026-04-24,10,low_vol,50,-0.015161653328602847,-0.004764686190961487
2026-04-24,20,composite,15,-0.07002607716783063,-0.0618900464767822
2026-04-24,20,composite,50,0.0038012028725025876,-0.02263830033615577
2026-04-24,20,rule5,15,-0.009193861376228532,0.013747570292441003
2026-04-24,20,rule5,50,0.00417229942492916,0.029093236603836115
2026-04-24,20,rule5_mom20,15,0.005460413899389588,0.029462673093538005
2026-04-24,20,rule5_mom20,50,-0.01305601096831072,0.004324667376236047
2026-04-24,20,near_high,15,-0.05201204939564289,-0.04213428103966621
2026-04-24,20,near_high,50,-0.00822075923882534,0.029093236603836115
2026-04-24,20,low_vol,15,-0.021469179355014287,0.016241346387098954
2026-04-24,20,low_vol,50,-0.02310168255620737,0.005518857989941117
2026-05-01,5,composite,15,-0.004493615213662015,0.003210310126678939
2026-05-01,5,composite,50,0.001944279731956964,0.00020007700688340346
2026-05-01,5,rule5,15,-0.018285145856904612,-0.005495572276139726
2026-05-01,5,rule5,50,-0.013666960145136728,-0.0034474048474251173
2026-05-01,5,rule5_mom20,15,-0.00954212520695066,-0.0018723476753021995
2026-05-01,5,rule5_mom20,50,-0.003294804409417351,-0.0018723476753021995
2026-05-01,5,near_high,15,0.0005627575605563623,-0.0219584193230401
2026-05-01,5,near_high,50,0.00834485050530791,-0.018712820320760493
2026-05-01,5,low_vol,15,-0.015833266345706937,-0.006518116757910142
2026-05-01,5,low_vol,50,-0.01651309988181569,-0.006773839963900685
2026-05-01,10,composite,15,-0.009929278988879145,-0.0004878829599310186
2026-05-01,10,composite,50,0.018702411334874644,0.005606152133333486
2026-05-01,10,rule5,15,-0.014322462654782597,0.0045542230214480894
2026-05-01,10,rule5,50,-0.00023279571124001225,0.02246587604714806
2026-05-01,10,rule5_mom20,15,-0.00928956302181632,0.008716677908572057
2026-05-01,10,rule5_mom20,50,-0.009040477121445852,0.015643593694715907
2026-05-01,10,near_high,15,0.0549463417257057,0.04527718694513433
2026-05-01,10,near_high,50,0.012050425231980307,0.013111069590478197
2026-05-01,10,low_vol,15,-0.0004814903613253041,0.02845497470401731
2026-05-01,10,low_vol,50,-0.003343683689270731,0.008624049447927384
2026-05-01,20,composite,15,-0.05727942421436169,-0.015959295873921198
2026-05-01,20,composite,50,0.0005929501626505962,-0.002251574994137917
2026-05-01,20,rule5,15,-0.09249298460347057,-0.0405931894753363
2026-05-01,20,rule5,50,-0.07347971377280184,-0.01114905325404053
2026-05-01,20,rule5_mom20,15,-0.08180796005215715,-0.015959295873921198
2026-05-01,20,rule5_mom20,50,-0.06236634283912972,-0.010624513222979137
2026-05-01,20,near_high,15,-0.04881527284449834,-0.04225347021082859
2026-05-01,20,near_high,50,-0.06822407380854616,-0.03617067137600094
2026-05-01,20,low_vol,15,-0.09438576845464851,-0.015959295873921198
2026-05-01,20,low_vol,50,-0.09223080501178153,-0.0284102577238296
2026-05-08,5,composite,15,-0.026162674072706463,-0.03483448623449603
2026-05-08,5,composite,50,-0.0260772274833682,-0.004575176240010581
2026-05-08,5,rule5,15,0.003535539607909574,0.02676951239637293
2026-05-08,5,rule5,50,0.0030704406750481847,0.020990306089439303
2026-05-08,5,rule5_mom20,15,-0.0016186166788124887,0.02676951239637293
2026-05-08,5,rule5_mom20,50,-0.004813553255925952,0.016508301020712324
2026-05-08,5,near_high,15,0.017502517007181383,0.02648721002117449
2026-05-08,5,near_high,50,0.006547551773413374,0.023318365712047595
2026-05-08,5,low_vol,15,0.023312576017469746,0.03591692663931334
2026-05-08,5,low_vol,50,0.018416125715764134,0.026801047396791566
2026-05-08,10,composite,15,0.00588238327172756,0.0016707733806602953
2026-05-08,10,composite,50,-0.025433553726855903,-0.01212934659184306
2026-05-08,10,rule5,15,-0.00677679174825864,-0.003533682371751168
2026-05-08,10,rule5,50,-0.0036825143283681708,0.0009138071033694684
2026-05-08,10,rule5_mom20,15,0.005752601382712648,0.00015684082607864136
2026-05-08,10,rule5_mom20,50,-0.0021769307164618834,0.001440533068928329
2026-05-08,10,near_high,15,0.036603359297969956,0.04973081171088817
2026-05-08,10,near_high,50,0.030651264983715773,0.025081406033305664
2026-05-08,10,low_vol,15,0.005169705822576781,0.02544153448654024
2026-05-08,10,low_vol,50,0.006025890203794206,0.01809152434398098
2026-05-08,20,composite,15,0.01306341973964445,0.06115258619992908
2026-05-08,20,composite,50,0.00635075222299019,0.042296829356603505
2026-05-08,20,rule5,15,0.04390821240739115,0.03939804009602149
2026-05-08,20,rule5,50,0.026903347545800656,0.04454409480048249
2026-05-08,20,rule5_mom20,15,0.07014872288568862,0.10467136251924697
2026-05-08,20,rule5_mom20,50,0.033452522463016034,0.0581129697876408
2026-05-08,20,near_high,15,0.04700115107690385,0.07958677714219692
2026-05-08,20,near_high,50,0.041021618132320484,0.06077289234136091
2026-05-08,20,low_vol,15,0.02303417015335934,0.04602639608692932
2026-05-08,20,low_vol,50,0.025977630612924046,0.0400561480526217
2026-05-15,5,composite,15,-0.007207049881053015,0.017085510151224836
2026-05-15,5,composite,50,-0.004875648571185026,-0.00319472898129336
2026-05-15,5,rule5,15,0.005949945534482064,0.01001670895109874
2026-05-15,5,rule5,50,-0.012229259648016126,-0.004741303038610534
2026-05-15,5,rule5_mom20,15,-0.010219055865291274,0.01001670895109874
2026-05-15,5,rule5_mom20,50,-0.0036733773544230103,-0.004097073534850226
2026-05-15,5,near_high,15,-0.019967974677612785,-0.0035760162984435073
2026-05-15,5,near_high,50,-0.00888603281582439,-0.003512758804915861
2026-05-15,5,low_vol,15,-0.02071927325410182,-0.0035193501566010976
2026-05-15,5,low_vol,50,-0.015897887443993383,-0.0035476832275223025
2026-05-15,10,composite,15,-0.049845028087883145,-0.005911496095432289
2026-05-15,10,composite,50,-0.06186561270357565,-0.02058539792339409
2026-05-15,10,rule5,15,-0.0013046646656074135,0.004229816174256884
2026-05-15,10,rule5,50,-0.0676954551081197,-0.03692049236645856
2026-05-15,10,rule5_mom20,15,-0.1016314735895216,-0.005911496095432289
2026-05-15,10,rule5_mom20,50,-0.03778044644384298,-0.030192680607400435
2026-05-15,10,near_high,15,-0.12187653419133643,-0.029441127822874558
2026-05-15,10,near_high,50,-0.044165042771789946,-0.02391714855392868
2026-05-15,10,low_vol,15,-0.06567670057216259,-0.030944233391926312
2026-05-15,10,low_vol,50,-0.06446456806679576,-0.03279656684884935
2026-05-15,20,composite,15,-0.05695131069959255,-0.001971460671316594
2026-05-15,20,composite,50,-0.06502648599924517,-0.0019245503729655722
2026-05-15,20,rule5,15,-0.006313537733978837,0.0
2026-05-15,20,rule5,50,-0.06089958960832426,-0.0016613753436991452
2026-05-15,20,rule5_mom20,15,-0.10074169113777301,-0.022067055644634515
2026-05-15,20,rule5_mom20,50,-0.02849276120975585,0.000943069185475931
2026-05-15,20,near_high,15,-0.11656401253054949,0.007000621782408345
2026-05-15,20,near_high,50,-0.0256897084376976,0.007802927877463062
2026-05-15,20,low_vol,15,-0.04350369287558681,0.0027914478091526362
2026-05-15,20,low_vol,50,-0.03983356430298761,-0.0007109912391868312
2026-05-22,5,composite,15,0.036319418647256296,0.04399598128984106
2026-05-22,5,composite,50,0.0029493265367855556,-0.003045310423642089
2026-05-22,5,rule5,15,-0.06415338727035776,-0.03721650836484147
2026-05-22,5,rule5,50,-0.02947231855546196,-0.02674940907400758
2026-05-22,5,rule5_mom20,15,-0.055767822494731126,-0.03721650836484147
2026-05-22,5,rule5_mom20,50,-0.012547792699590964,-0.023931762718393257
2026-05-22,5,near_high,15,-0.07908485011644834,-0.009421719625852032
2026-05-22,5,near_high,50,-0.037738583349809035,-0.021780120072998788
2026-05-22,5,low_vol,15,-0.052590902698163584,-0.030909036920283794
2026-05-22,5,low_vol,50,-0.05469671341148171,-0.02674940907400758
2026-05-22,10,composite,15,-0.013456160589841896,0.04611117341024601
2026-05-22,10,composite,50,-0.03878189111059807,0.01205880180870561
2026-05-22,10,rule5,15,-0.029121909696906315,0.02603749113722803
2026-05-22,10,rule5,50,-0.014419192590674545,0.029341217211881265
2026-05-22,10,rule5_mom20,15,-0.03187014310978688,0.020040423120741113
2026-05-22,10,rule5_mom20,50,-0.01246037092186279,0.029341217211881265
2026-05-22,10,near_high,15,-0.04184488492034272,0.053859392182352306
2026-05-22,10,near_high,50,-0.023328421626686767,0.043613743504373026
2026-05-22,10,low_vol,15,-0.020877121341401447,0.02693853820107278
2026-05-22,10,low_vol,50,-0.027182638852163273,0.030474329191578664
2026-05-22,20,composite,15,-0.06719992704505076,0.023365181707986793
2026-05-22,20,composite,50,-0.06261130889331074,0.007381717228398366
2026-05-22,20,rule5,15,-0.010283036365124745,0.03791007192071688
2026-05-22,20,rule5,50,-0.021583560777835728,0.023552142652219887
2026-05-22,20,rule5_mom20,15,-0.023563825536889686,0.04392287227977515
2026-05-22,20,rule5_mom20,50,-0.021294137975209505,0.025194655493846196
2026-05-22,20,near_high,15,-0.06254077124247273,0.023365181707986793
2026-05-22,20,near_high,50,-0.025946740438305842,0.0460805058721479
2026-05-22,20,low_vol,15,-0.03503311217685763,0.022538526355775856
2026-05-22,20,low_vol,50,-0.042142198578255546,0.017557813260220045
2026-05-29,5,composite,15,-0.006638765526399797,-0.009533308898663106
2026-05-29,5,composite,50,-0.003812534249181411,0.0029580067901471274
2026-05-29,5,rule5,15,0.031155477036560252,0.05595409699192777
2026-05-29,5,rule5,50,0.03605848109282278,0.05040949127640626
2026-05-29,5,rule5_mom20,15,0.030379352446803076,0.04523323998332485
2026-05-29,5,rule5_mom20,50,0.021205601476150658,0.033046646921900624
2026-05-29,5,near_high,15,0.0028885164882579695,0.034536057213226834
2026-05-29,5,near_high,50,0.02095504609204768,0.04174362512389507
2026-05-29,5,low_vol,15,0.061878761308440174,0.05942755681800693
2026-05-29,5,low_vol,50,0.054014247737419196,0.05345489290076472
2026-05-29,10,composite,15,-0.0534001595192391,0.022753695748985725
2026-05-29,10,composite,50,-0.0420076020965066,0.0051927404454713555
2026-05-29,10,rule5,15,0.002617102069622965,0.04401165586551786
2026-05-29,10,rule5,50,0.006514623490866583,0.04609765187797793
2026-05-29,10,rule5_mom20,15,-0.006092539909880855,0.04401165586551786
2026-05-29,10,rule5_mom20,50,-0.01729173247739075,0.04090920733824682
2026-05-29,10,near_high,15,-0.03875131886220591,0.033313964943026464
2026-05-29,10,near_high,50,-0.010300679870989187,0.03905627876432777
2026-05-29,10,low_vol,15,0.009497646837591557,0.04549786036474773
2026-05-29,10,low_vol,50,-0.0017900398316002355,0.03507754616015729
2026-05-29,20,composite,15,0.020033071855424987,0.07031764919543249
2026-05-29,20,composite,50,0.007107479591230849,0.0754710299948389
2026-05-29,20,rule5,15,0.012895352339609437,0.04898222143944042
2026-05-29,20,rule5,50,0.017978572903066245,0.044758816454126826
2026-05-29,20,rule5_mom20,15,-0.011102030105593807,0.03816267961814357
2026-05-29,20,rule5_mom20,50,0.006613255998461964,0.06366295851001869
2026-05-29,20,near_high,15,-0.05643920231693063,0.0192162461062948
2026-05-29,20,near_high,50,0.00472030330776399,0.05268712016373156
2026-05-29,20,low_vol,15,-0.0027616466291617743,0.0398704866123587
2026-05-29,20,low_vol,50,-0.03330870105752344,0.022665162838672148
2026-06-05,5,composite,15,-0.005630341015817705,4.56590688531211e-05
2026-06-05,5,composite,50,0.0018270236842105915,0.008647504342456092
2026-06-05,5,rule5,15,0.005078598306573437,0.010221708271801466
2026-06-05,5,rule5,50,0.0037091934072967063,0.0039866285541039215
2026-06-05,5,rule5_mom20,15,0.0036880609825911265,0.01192891901159121
2026-06-05,5,rule5_mom20,50,0.000116488506293623,0.0039866285541039215
2026-06-05,5,near_high,15,0.004432475296247965,0.007375439720799015
2026-06-05,5,near_high,50,-0.0025423367648959583,0.0005539352423263866
2026-06-05,5,low_vol,15,-0.02643984311227622,-0.016711694053592963
2026-06-05,5,low_vol,50,-0.010031480632387424,-0.008621049131379399
2026-06-05,10,composite,15,0.0050224462504520305,0.0006023535006641767
2026-06-05,10,composite,50,-0.009172906434395372,0.0021884427991059052
2026-06-05,10,rule5,15,-0.003551865037482553,0.0037745320975476337
2026-06-05,10,rule5,50,0.002371997262131796,0.0035399221789979007
2026-06-05,10,rule5_mom20,15,0.029987274680855606,0.00647582479781994
2026-06-05,10,rule5_mom20,50,0.005301813148543364,0.004490842775883852
2026-06-05,10,near_high,15,-0.006275075850620048,0.018690125066177843
2026-06-05,10,near_high,50,-0.011463154909050838,-0.004606987526415085
2026-06-05,10,low_vol,15,-0.04620937131294567,-0.02794894359596589
2026-06-05,10,low_vol,50,-0.03206877689932207,-0.016935706502541503
2026-06-05,20,composite,15,0.004172347919505499,0.00898372426626648
2026-06-05,20,composite,50,0.018430532353195875,0.01037048435707677
2026-06-05,20,rule5,15,-0.01405733030881686,0.005451147750153096
2026-06-05,20,rule5,50,0.00793493891470555,0.009170261126727364
2026-06-05,20,rule5_mom20,15,0.017076465205508234,0.00898372426626648
2026-06-05,20,rule5_mom20,50,0.01833597723054864,0.00949132395928698
2026-06-05,20,near_high,15,-0.0072038136096685065,0.018642577719441
2026-06-05,20,near_high,50,0.014797544636141607,0.011102836548250394
2026-06-05,20,low_vol,15,-0.04516207351388715,-0.02249829136930881
2026-06-05,20,low_vol,50,-0.04608481413322361,-0.020824355380977266
2026-06-12,5,composite,15,-0.02148966047150741,-0.021672438619853907
2026-06-12,5,composite,50,-0.00738547714989665,-0.0104323788401538
2026-06-12,5,rule5,15,-0.019169438646051723,-0.008925948757825708
2026-06-12,5,rule5,50,-0.007434448390704215,-0.007400298001057792
2026-06-12,5,rule5_mom20,15,-0.012363297816586565,-0.0032790121078201118
2026-06-12,5,rule5_mom20,50,-0.005188748136045397,-0.0057966491570242695
2026-06-12,5,near_high,15,-0.02183111097809616,-0.0069208510479252805
2026-06-12,5,near_high,50,-0.020857135796900725,-0.008544954000992755
2026-06-12,5,low_vol,15,-0.022123107629122916,-0.005718651069758662
2026-06-12,5,low_vol,50,-0.027076769691103713,-0.01232323846443839
2026-06-12,10,composite,15,0.054458720921404455,0.027210085544874918
2026-06-12,10,composite,50,0.040973797396421485,0.028232426206521
2026-06-12,10,rule5,15,0.010698272020816954,0.02512982340454828
2026-06-12,10,rule5,50,0.005209772168807393,0.019297053119696317
2026-06-12,10,rule5_mom20,15,0.01307635185673496,0.027210085544874918
2026-06-12,10,rule5_mom20,50,0.013213234543957633,0.023706371608390064
2026-06-12,10,near_high,15,-0.020574383502452658,-0.004171228036349284
2026-06-12,10,near_high,50,0.0036500700870829156,0.013917686538844842
2026-06-12,10,low_vol,15,-0.041780014616791865,-0.013251655631337789
2026-06-12,10,low_vol,50,-0.0392670357566995,-0.014305731533878707
2026-06-12,20,composite,15,0.05539985787397303,0.046869363723445634
2026-06-12,20,composite,50,0.06434657512632025,0.034518213859237035
2026-06-12,20,rule5,15,0.03370362360493871,0.032902662483340395
2026-06-12,20,rule5,50,0.039667931414463356,0.026481858591106633
2026-06-12,20,rule5_mom20,15,0.04158467605032137,0.030992629761127377
2026-06-12,20,rule5_mom20,50,0.03127995241522215,0.026481858591106633
2026-06-12,20,near_high,15,0.01454727964098286,0.01836477390430602
2026-06-12,20,near_high,50,0.025297657441338873,0.025755574191397512
2026-06-12,20,low_vol,15,-0.01584520602742623,0.01575342617665898
2026-06-12,20,low_vol,50,-0.00809127491009938,0.007989189715060241
2026-06-18,5,composite,15,0.05021924768863051,0.06535579866259555
2026-06-18,5,composite,50,0.04289130142260968,0.038548912376262456
2026-06-18,5,rule5,15,0.029542096142921005,0.03075725874702362
2026-06-18,5,rule5,50,0.0396873499121967,0.03787822972425747
2026-06-18,5,rule5_mom20,15,0.05401169032992,0.051017755114229124
2026-06-18,5,rule5_mom20,50,0.05083431760836528,0.041429911184374
2026-06-18,5,near_high,15,0.06407780045101916,0.04334134762788622
2026-06-18,5,near_high,50,0.01780931324657139,0.01737219939735246
2026-06-18,5,low_vol,15,-0.001723350248404518,0.0034970009963722903
2026-06-18,5,low_vol,50,0.01779053028948213,0.008713205027148896
2026-06-18,10,composite,15,0.040796767151975805,0.049385017963086586
2026-06-18,10,composite,50,0.037756223902059,0.02361634893933595
2026-06-18,10,rule5,15,-0.009905371540424812,0.006459251038151592
2026-06-18,10,rule5,50,0.023738953773677147,0.024679393027630447
2026-06-18,10,rule5_mom20,15,0.02760103808129342,0.029902915340813463
2026-06-18,10,rule5_mom20,50,0.026250027313311757,0.01623148802392138
2026-06-18,10,near_high,15,0.043883311731099314,0.0216191102712191
2026-06-18,10,near_high,50,-0.008348037040520808,0.004066099290712222
2026-06-18,10,low_vol,15,-0.023611285817645322,-0.003717563400248647
2026-06-18,10,low_vol,50,-0.00819282460475109,-0.002156317825212306
2026-06-18,20,composite,15,0.08886719943696797,0.10523211753340767
2026-06-18,20,composite,50,0.07688013542767633,0.06782919714470736
2026-06-18,20,rule5,15,0.05739808063062193,0.04929151459047443
2026-06-18,20,rule5,50,0.0680207517004964,0.04854397798999044
2026-06-18,20,rule5_mom20,15,0.07752419921567719,0.07997870270318752
2026-06-18,20,rule5_mom20,50,0.07916535727789772,0.05248560308835082
2026-06-18,20,near_high,15,0.10412988710422262,0.08568647104356875
2026-06-18,20,near_high,50,0.03491314449379529,0.06571511013331155
2026-06-18,20,low_vol,15,0.0291403489572326,0.02969391124724452
2026-06-18,20,low_vol,50,0.049712847262387894,0.04960506988819513
2026-06-26,5,composite,15,-0.004971718091532672,0.004551641814851237
2026-06-26,5,composite,50,0.0021674004971320923,0.0022655425061387513
2026-06-26,5,rule5,15,-0.02700590502005901,-0.03439635102502603
2026-06-26,5,rule5,50,-0.00967158100443858,-0.015967758248945807
2026-06-26,5,rule5_mom20,15,-0.022770225558713657,-0.024319465322020117
2026-06-26,5,rule5_mom20,50,-0.007094070933781421,-0.015967758248945807
2026-06-26,5,near_high,15,-0.006958504151324832,-0.02602447074194625
2026-06-26,5,near_high,50,-0.017199636874903466,-0.018175287860380474
2026-06-26,5,low_vol,15,-0.023464707857345498,-0.02110171884283696
2026-06-26,5,low_vol,50,-0.02723407889723075,-0.021429407572809922
2026-06-26,10,composite,15,0.03879587721320352,0.024897465709111055
2026-06-26,10,composite,50,0.03272608324003173,0.024499702419528535
2026-06-26,10,rule5,15,0.001274719996502029,-0.009068483224732582
2026-06-26,10,rule5,50,0.019766415061311424,0.002887951596955707
2026-06-26,10,rule5_mom20,15,0.026320497950463834,-0.00022466197076992378
2026-06-26,10,rule5_mom20,50,0.01869604290126796,0.0035112884849727855
2026-06-26,10,near_high,15,0.027606700723000303,0.019506698933656808
2026-06-26,10,near_high,50,0.02162711698348216,0.009064380209418188
2026-06-26,10,low_vol,15,0.00854120136998638,0.0032371835458978038
2026-06-26,10,low_vol,50,0.0036649476743933988,0.002887951596955707
2026-06-26,20,composite,15,0.09455991307562941,0.071463609810555
2026-06-26,20,composite,50,0.06107370078016258,0.05135902829057082
2026-06-26,20,rule5,15,0.05316770296535291,0.020815697749591577
2026-06-26,20,rule5,50,0.05446394349609477,0.04361870750623964
2026-06-26,20,rule5_mom20,15,0.08351995374459947,0.04434880289946652
2026-06-26,20,rule5_mom20,50,0.06296094854755999,0.04854917153755445
2026-06-26,20,near_high,15,0.07620618430509743,0.07829486328387181
2026-06-26,20,near_high,50,0.04996068663243165,0.05123979615247476
2026-06-26,20,low_vol,15,0.04837366841674093,0.0439197570540788
2026-06-26,20,low_vol,50,0.046483161241902854,0.0410271952595499
2026-07-02,5,composite,15,0.017322283767085264,0.018181801292662225
2026-07-02,5,composite,50,0.0051022285189572265,0.007608863048303938
2026-07-02,5,rule5,15,0.012814558729731975,0.011237396400683775
2026-07-02,5,rule5,50,0.004595724796411392,0.010286987008795934
2026-07-02,5,rule5_mom20,15,0.010918767192045192,0.00787255145725485
2026-07-02,5,rule5_mom20,50,0.003134886533972739,0.0076871067315157915
2026-07-02,5,near_high,15,0.01858172834325052,0.016975015857869646
2026-07-02,5,near_high,50,0.006777059315843385,0.00934342477806488
2026-07-02,5,low_vol,15,0.006067727894827225,0.01894401386652378
2026-07-02,5,low_vol,50,0.009815934239632326,0.013854888990369851
2026-07-02,10,composite,15,0.05744679354122468,0.048666254554440735
2026-07-02,10,composite,50,0.0359789053806651,0.035361033464298364
2026-07-02,10,rule5,15,0.056942073327649556,0.04526287169232779
2026-07-02,10,rule5,50,0.04839463073240647,0.0448173639629047
2026-07-02,10,rule5_mom20,15,0.056216233908112034,0.04710741152600928
2026-07-02,10,rule5_mom20,50,0.039392880117033804,0.04284978174052134
2026-07-02,10,near_high,15,0.07571255741526982,0.0563656571218889
2026-07-02,10,near_high,50,0.06006896375662765,0.046168499853439515
2026-07-02,10,low_vol,15,0.04904936306821,0.04702531007527866
2026-07-02,10,low_vol,50,0.058480021385389006,0.04524622993659877
2026-07-02,20,composite,15,0.035268091819800756,0.053648682366906175
2026-07-02,20,composite,50,0.03987436052735751,0.03483442198325182
2026-07-02,20,rule5,15,0.04515512469520706,0.04652578663535217
2026-07-02,20,rule5,50,0.04428190587783326,0.0480545404777904
2026-07-02,20,rule5_mom20,15,0.043131927960933035,0.04652578663535217
2026-07-02,20,rule5_mom20,50,0.04588120040482744,0.04566335181204023
2026-07-02,20,near_high,15,0.06638128087863862,0.0708727133947003
2026-07-02,20,near_high,50,0.05405553161001456,0.054448636653806615
2026-07-02,20,low_vol,15,0.05236521795223553,0.044262818182884744
2026-07-02,20,low_vol,50,0.0611099050945164,0.04751919532783622
2026-07-10,5,composite,15,0.012805454815781572,-0.001167126153854614
2026-07-10,5,composite,50,0.012349006727052306,0.009031799688794862
2026-07-10,5,rule5,15,0.03590156109321989,0.044932544328433854
2026-07-10,5,rule5,50,0.022926892388635458,0.02436492940611379
2026-07-10,5,rule5_mom20,15,0.021607471856873388,0.027745731904281312
2026-07-10,5,rule5_mom20,50,0.03126812258469215,0.02436492940611379
2026-07-10,5,near_high,15,0.045500581207722844,0.033213730186719026
2026-07-10,5,near_high,50,0.041576399250821565,0.03815650041262397
2026-07-10,5,low_vol,15,0.04785679210592224,0.044932544328433854
2026-07-10,5,low_vol,50,0.0461040725697582,0.03688969571644307
2026-07-10,10,composite,15,0.027503361505083625,0.02214182446672608
2026-07-10,10,composite,50,0.017175039096436674,0.01923905254508712
2026-07-10,10,rule5,15,0.07293276984646227,0.0697794162785439
2026-07-10,10,rule5,50,0.030479681667223764,0.03270970280447599
2026-07-10,10,rule5_mom20,15,0.04489686461740432,0.04866088926835532
2026-07-10,10,rule5_mom20,50,0.03310929202958299,0.03270970280447599
2026-07-10,10,near_high,15,0.07209066466673206,0.05124257361836482
2026-07-10,10,near_high,50,0.037935389927298904,0.0346835892552429
2026-07-10,10,low_vol,15,0.05082195891884398,0.05009034840662596
2026-07-10,10,low_vol,50,0.05470572410610955,0.04231793607356665
2026-07-10,20,composite,15,-0.051263497093052536,-0.0530896114177104
2026-07-10,20,composite,50,0.01241754283308508,-0.01664240055143318
2026-07-10,20,rule5,15,0.02554590898330795,-0.007062334766212319
2026-07-10,20,rule5,50,0.01878196709408457,0.006097300452770571
2026-07-10,20,rule5_mom20,15,0.013859583778121014,0.0020747362086480647
2026-07-10,20,rule5_mom20,50,0.0065596494740238365,-0.009438278216653884
2026-07-10,20,near_high,15,0.05544937904982867,0.013292407837821263
2026-07-10,20,near_high,50,0.01715287361028907,0.01419486669068537
2026-07-10,20,low_vol,15,-0.009732029857785799,-0.007062334766212319
2026-07-10,20,low_vol,50,0.0047682313095279635,0.009282265101633325
2026-07-17,5,composite,15,0.026317971597165472,0.0064110258830417655
2026-07-17,5,composite,50,0.013332170890744396,0.007954693795019618
2026-07-17,5,rule5,15,0.023249199737594078,0.0037121917086356815
2026-07-17,5,rule5,50,0.01915243757203296,0.0050616087958387235
2026-07-17,5,rule5_mom20,15,0.025990771725995152,0.015747416760102273
2026-07-17,5,rule5_mom20,50,0.009277370806606958,0.000938438491192739
2026-07-17,5,near_high,15,-0.002437461816444199,-0.013485851318209785
2026-07-17,5,near_high,50,0.00487753047485201,0.005049391510228762
2026-07-17,5,low_vol,15,0.011491315785388354,0.004019744358402799
2026-07-17,5,low_vol,50,0.014905354974627631,0.007954693795019618
2026-07-17,10,composite,15,0.011794914203115289,0.008504103685826825
2026-07-17,10,composite,50,-0.0008881890085327554,0.0006408387969791818
2026-07-17,10,rule5,15,0.006514904451976181,-0.0028216442631515126
2026-07-17,10,rule5,50,0.0054695639701755686,-0.005193996272939094
2026-07-17,10,rule5_mom20,15,-0.0022388789382531,-0.0028216442631515126
2026-07-17,10,rule5_mom20,50,-0.008887275988379482,-0.012393920191567376
2026-07-17,10,near_high,15,-0.005448616241047095,0.004103321857109876
2026-07-17,10,near_high,50,-0.0060138873218368236,-0.003523929904611811
2026-07-17,10,low_vol,15,0.0006745683935732716,0.003901576670687301
2026-07-17,10,low_vol,50,0.007832169472825595,0.0005399662037678943
2026-07-17,20,composite,15,-0.021854364183962673,-0.02328380545330766
2026-07-17,20,composite,50,-0.004187821691039428,-0.018491987501478735
2026-07-17,20,rule5,15,0.014891117306835955,-0.041697721769559326
2026-07-17,20,rule5,50,-0.0340689849702483,-0.038724851063779375
2026-07-17,20,rule5_mom20,15,-0.07094826550297051,-0.05721156928576854
2026-07-17,20,rule5_mom20,50,-0.04446785919619511,-0.038724851063779375
2026-07-17,20,near_high,15,-0.07204976019835999,-0.07291172885983443
2026-07-17,20,near_high,50,-0.05175952578641699,-0.045698195509425
2026-07-17,20,low_vol,15,-0.06344846940624524,-0.05005188085873369
2026-07-17,20,low_vol,50,-0.046733498051856705,-0.04024336602100975
2026-07-24,5,composite,15,0.028597651397610856,0.024834035811692967
2026-07-24,5,composite,50,0.007490013052583731,0.003541096029356261
2026-07-24,5,rule5,15,0.013388368123218431,0.004617993499216322
2026-07-24,5,rule5,50,-0.006751728013451574,-0.004336176959997662
2026-07-24,5,rule5_mom20,15,0.007874004977001286,0.01650820934608488
2026-07-24,5,rule5_mom20,50,-0.0009441574530063772,-0.0016909573597009286
2026-07-24,5,near_high,15,-0.00435473844318438,-0.013148074404044419
2026-07-24,5,near_high,50,-0.005885315784624194,-0.014431389530108918
2026-07-24,5,low_vol,15,-0.002609344695798036,0.0
2026-07-24,5,low_vol,50,-0.008652832448548012,-0.0070647555079174085
2026-07-24,10,composite,15,0.011471349886601132,0.015373214501269494
2026-07-24,10,composite,50,-0.007711454422401204,-0.01858057019052406
2026-07-24,10,rule5,15,-0.03014825353103169,-0.03376444090891062
2026-07-24,10,rule5,50,-0.04042611216781716,-0.0536971039115024
2026-07-24,10,rule5_mom20,15,0.003982079465713745,-0.012932366535943096
2026-07-24,10,rule5_mom20,50,-0.03816872737564954,-0.052610435322068105
2026-07-24,10,near_high,15,-0.06622969526198555,-0.07092469553451053
2026-07-24,10,near_high,50,-0.06001102487634226,-0.0591316015995349
2026-07-24,10,low_vol,15,-0.06233715123518217,-0.05301397887612591
2026-07-24,10,low_vol,50,-0.05859153805208832,-0.052610435322068105
2026-07-24,20,composite,15,0.08374408631777157,-0.037926848316982564
2026-07-24,20,composite,50,0.017639190980857616,-0.02626845295305913
2026-07-24,20,rule5,15,0.00998963237817048,-0.03812401449766378
2026-07-24,20,rule5,50,-0.020353223769389805,-0.05026941351450298
2026-07-24,20,rule5_mom20,15,0.03097317091310739,-0.03812401449766378
2026-07-24,20,rule5_mom20,50,-0.01988597602179091,-0.05026941351450298
2026-07-24,20,near_high,15,-0.08335044233444813,-0.07528158251604478
2026-07-24,20,near_high,50,-0.041259773149090455,-0.06104123458451283
2026-07-24,20,low_vol,15,-0.06862351521969125,-0.05033812791788317
2026-07-24,20,low_vol,50,-0.06864586819894955,-0.056882643241582986
2026-07-31,5,composite,15,-0.020479406929976643,-0.031234210872636003
2026-07-31,5,composite,50,-0.029083977057227837,-0.04373083167463632
2026-07-31,5,rule5,15,-0.06838465476752399,-0.05306698041805813
2026-07-31,5,rule5,50,-0.05810770047795129,-0.04606455781252783
2026-07-31,5,rule5_mom20,15,-0.06322458762650801,-0.05306698041805813
2026-07-31,5,rule5_mom20,50,-0.057540891944221184,-0.044209231431230345
2026-07-31,5,near_high,15,-0.030630245794147734,-0.042142834415412
2026-07-31,5,near_high,50,-0.04306553175253127,-0.039580737761155005
2026-07-31,5,low_vol,15,-0.04724740018441553,-0.042142834415412
2026-07-31,5,low_vol,50,-0.05210710038740965,-0.04468725305506338
2026-07-31,10,composite,15,-0.028658547148277272,-0.06357581294146275
2026-07-31,10,composite,50,-0.041086743276714445,-0.037019674164146754
2026-07-31,10,rule5,15,-0.08775454182987316,-0.06677135448193416
2026-07-31,10,rule5,50,-0.08235945166039264,-0.05810524357993352
2026-07-31,10,rule5_mom20,15,-0.07914699063820783,-0.06357581294146275
2026-07-31,10,rule5_mom20,50,-0.08122079012636016,-0.045249408971865135
2026-07-31,10,near_high,15,-0.053884032388636885,-0.04289230400311461
2026-07-31,10,near_high,50,-0.06057688815063278,-0.03782199463564273
2026-07-31,10,low_vol,15,-0.04641460485576727,-0.04759893898016787
2026-07-31,10,low_vol,50,-0.062129650544546056,-0.04524562149164124
2026-07-31,20,composite,15,0.005680884283994644,-0.022884226186879353
2026-07-31,20,composite,50,-0.018808281674187202,-0.015022662123772679
2026-07-31,20,rule5,15,-0.06724986115987121,-0.04745284262433791
2026-07-31,20,rule5,50,-0.06745060749296215,-0.04286036995703357
2026-07-31,20,rule5_mom20,15,-0.05491073230680482,-0.04745284262433791
2026-07-31,20,rule5_mom20,50,-0.06478996084170319,-0.045873551802455115
2026-07-31,20,near_high,15,-0.032247077551486744,-0.04745284262433791
2026-07-31,20,near_high,50,-0.043641311418555984,-0.01799557764174675
2026-07-31,20,low_vol,15,-0.03453468267663491,-0.020056550942754603
2026-07-31,20,low_vol,50,-0.054107406106279086,-0.03523116177901575
2026-08-07,5,composite,15,-0.012117828845482695,-0.0023224331052839053
2026-08-07,5,composite,50,-0.007890092413466096,-0.0012844721480579357
2026-08-07,5,rule5,15,-0.001469056425929162,0.006255974806109954
2026-08-07,5,rule5,50,-0.004006044899527655,0.00019241971304806427
2026-08-07,5,rule5_mom20,15,-0.008386800312878959,0.0051470480992024115
2026-08-07,5,rule5_mom20,50,-0.008166460364353662,-0.0012844721480579357
2026-08-07,5,near_high,15,-0.012694059479042178,-0.01727748257147743
2026-08-07,5,near_high,50,-0.01279582466957414,-0.002261351724695715
2026-08-07,5,low_vol,15,-0.0008201520679248299,-0.0010246041295343122
2026-08-07,5,low_vol,50,0.0001857527016006494,-0.0012844721480579357
2026-08-07,10,composite,15,-0.008338571732895303,0.0015544101405707278
2026-08-07,10,composite,50,-0.004970205747417903,0.000668879743963624
2026-08-07,10,rule5,15,0.01325586640598723,0.0029836739478901753
2026-08-07,10,rule5,50,-0.003250436837669303,0.0009638154691307688
2026-08-07,10,rule5_mom20,15,0.004039160698214461,0.002874696813865374
2026-08-07,10,rule5_mom20,50,-0.009079093403943144,-0.0007993532664670178
2026-08-07,10,near_high,15,0.014612842915647196,0.0015544101405707278
2026-08-07,10,near_high,50,-0.003045167531159127,-0.002810726644136674
2026-08-07,10,low_vol,15,-0.0048716547516187555,-0.0007606773980345927
2026-08-07,10,low_vol,50,-0.0001386967395292087,0.0014065806674343206
2026-08-07,20,composite,15,-0.0058061177314613546,0.018712796969372003
2026-08-07,20,composite,50,-0.013887402563207025,0.004510151123763573
2026-08-07,20,rule5,15,0.019137685689022108,0.024017844551543432
2026-08-07,20,rule5,50,-0.007195626778770198,0.007627026021076233
2026-08-07,20,rule5_mom20,15,0.003101556365845159,0.02274693088304558
2026-08-07,20,rule5_mom20,50,-0.01361405347626352,0.007329039373687396
2026-08-07,20,near_high,15,-0.006317394204829045,0.006227506589131071
2026-08-07,20,near_high,50,-0.004427731346123029,0.007402510167318521
2026-08-07,20,low_vol,15,0.003554782950871715,0.001957408909781466
2026-08-07,20,low_vol,50,-0.002790739222965659,0.009637755095785516
2026-08-14,5,composite,15,-0.028328329867467774,-0.00836826027400539
2026-08-14,5,composite,50,-0.009203247568907051,0.0039211429559875
2026-08-14,5,rule5,15,-0.0020683933656709024,-0.0026783658347948602
2026-08-14,5,rule5,50,-0.00037484239908697897,0.0039211429559875
2026-08-14,5,rule5_mom20,15,-0.008197677466576923,0.0033229999417537792
2026-08-14,5,rule5_mom20,50,0.0005174805133182506,0.0058772268632865665
2026-08-14,5,near_high,15,0.010256121065839749,-0.0012822198271518204
2026-08-14,5,near_high,50,0.0028192426720494595,0.0071007892683717655
2026-08-14,5,low_vol,15,-0.017684951854026434,-0.02023312786117193
2026-08-14,5,low_vol,50,-0.013199746510237496,-0.015997810573808724
2026-08-14,10,composite,15,-0.04847909701293103,-0.036193248089570695
2026-08-14,10,composite,50,-0.024066623691947855,-0.00992962286365362
2026-08-14,10,rule5,15,-0.0041879681828691576,0.004185571522549725
2026-08-14,10,rule5,50,-0.0014579514188056593,0.0027213510146977815
2026-08-14,10,rule5_mom20,15,-0.012364025917632193,0.0003273524328686328
2026-08-14,10,rule5_mom20,50,0.0006021800604760416,0.005719963220922164
2026-08-14,10,near_high,15,0.017277095343860172,0.0038144135020553582
2026-08-14,10,near_high,50,0.006750596933626091,0.01180008398513055
2026-08-14,10,low_vol,15,-0.01513060819338364,-0.014084211690313375
2026-08-14,10,low_vol,50,-0.007636070575898088,-0.003125255572224428
2026-08-14,20,composite,15,-0.0827419349555811,-0.03150850103810321
2026-08-14,20,composite,50,-0.01900798061658345,-0.003598107315025023
2026-08-14,20,rule5,15,0.02520631931935871,0.02318689048664424
2026-08-14,20,rule5,50,0.03296905552780212,0.02566123372474849
2026-08-14,20,rule5_mom20,15,0.03952631894047702,0.035516283520150016
2026-08-14,20,rule5_mom20,50,0.020979945982900455,0.02609580865826494
2026-08-14,20,near_high,15,0.06548538551078749,0.036149949621619215
2026-08-14,20,near_high,50,0.0398941284285197,0.03260735410037169
2026-08-14,20,low_vol,15,0.01629516102367809,0.02023508862189538
2026-08-14,20,low_vol,50,0.016955694137204706,0.015788004364869435
2026-08-21,5,composite,15,0.016080053645132753,0.016840815867638304
2026-08-21,5,composite,50,0.01775574768680442,0.01318963776313975
2026-08-21,5,rule5,15,0.003920499746203888,0.013336841719384207
2026-08-21,5,rule5,50,0.004714472608347991,0.005604665888379656
2026-08-21,5,rule5_mom20,15,0.005712856449170608,0.014547925564019293
2026-08-21,5,rule5_mom20,50,0.017222256665614725,0.011458141275973888
2026-08-21,5,near_high,15,0.0086824961288237,0.003446771354743583
2026-08-21,5,near_high,50,0.015288396470620007,0.012168886253639932
2026-08-21,5,low_vol,15,0.005512610666721615,0.007548713206991242
2026-08-21,5,low_vol,50,0.0065253018702367245,0.005992891724642457
2026-08-21,10,composite,15,0.05766775667136503,0.0353541822676845
2026-08-21,10,composite,50,0.026646128061132417,0.017231976357911072
2026-08-21,10,rule5,15,0.012262726459712455,0.015440156692119289
2026-08-21,10,rule5,50,0.01680350176427981,0.0158730178272376
2026-08-21,10,rule5_mom20,15,0.023050296520577336,0.02690090404863643
2026-08-21,10,rule5_mom20,50,0.016531963946440614,0.017786362379935694
2026-08-21,10,near_high,15,-0.01143355485037689,-0.009109582006075923
2026-08-21,10,near_high,50,0.008517697209153335,0.010043304266321607
2026-08-21,10,low_vol,15,0.0077653417978117865,0.004621244546518244
2026-08-21,10,low_vol,50,0.01475844950300614,0.011250127801487542
2026-08-28,5,composite,15,0.002597386274671094,-0.006014358033695877
2026-08-28,5,composite,50,-0.005507670337779824,-0.0021493195742846027
2026-08-28,5,rule5,15,0.007957423521263062,0.002086834136887039
2026-08-28,5,rule5,50,-0.0035680121276264144,-0.0017658943602190114
2026-08-28,5,rule5_mom20,15,-0.0074904069787882195,0.002086834136887039
2026-08-28,5,rule5_mom20,50,-0.00757708234841694,-0.005725398224894984
2026-08-28,5,near_high,15,-0.03273135003791663,-0.02197620729522387
2026-08-28,5,near_high,50,-0.015002134258829675,-0.010413243357834223
2026-08-28,5,low_vol,15,0.0059895181866801385,0.006452047442582987
2026-08-28,5,low_vol,50,0.006988142506094795,0.0065188901648753905
2026-08-28,10,composite,15,0.0018343773181774686,0.0008521780713201532
2026-08-28,10,composite,50,-0.0060513024912549965,-0.001533452621448217
2026-08-28,10,rule5,15,0.013347724216084097,0.021870158732884504
2026-08-28,10,rule5,50,0.0066074056791770724,0.010433127110202334
2026-08-28,10,rule5_mom20,15,0.0028666894496715556,0.018485920787307875
2026-08-28,10,rule5_mom20,50,-0.006617538679812449,0.0012406551318795422
2026-08-28,10,near_high,15,-0.0066297674826656106,-0.003919083314216587
2026-08-28,10,near_high,50,-0.005739462996400886,-0.003919083314216587
2026-08-28,10,low_vol,15,0.020041252890399073,0.034983052866397746
2026-08-28,10,low_vol,50,0.02275943872933473,0.03319524532982271
2026-09-04,5,composite,15,0.013606587641115473,0.011731101033001179
2026-09-04,5,composite,50,-0.002072915604499362,0.0015108332987882056
2026-09-04,5,rule5,15,0.02143077709642799,0.02457789201814925
2026-09-04,5,rule5,50,0.017694277325047202,0.021450106385257572
2026-09-04,5,rule5_mom20,15,0.023672363574555978,0.02457789201814925
2026-09-04,5,rule5_mom20,50,0.019461188407991083,0.022405658197278577
2026-09-04,5,near_high,15,-0.016613667452207423,-0.02447204701512512
2026-09-04,5,near_high,50,-0.0011140938437423156,0.0038562615665145294
2026-09-04,5,low_vol,15,0.010364079323700866,0.02066418177709367
2026-09-04,5,low_vol,50,0.01745120628270863,0.023579826454893094
