date,horizon,signal,partial_ic
2026-04-17,5,mom20,-0.1155960337710767
2026-04-17,5,vol_ratio,0.059972821893607434
2026-04-17,5,squeeze,0.05099615465165983
2026-04-17,5,composite,-0.041083659924849754
2026-04-17,5,mom5,-0.10592266388445133
2026-04-17,5,mom60_skip5,0.07991595714985775
2026-04-17,5,mom60_riskadj,0.07545139563039902
2026-04-17,5,vol_5_50,0.04807470891626143
2026-04-17,5,squeeze_own,-0.016196696074414377
2026-04-17,5,near_high,0.018006778269098724
2026-04-17,5,vs_sma50,-0.005097494312652955
2026-04-17,5,vs_sma20,-0.14780825487448326
2026-04-17,5,rule5,0.050823199422884414
2026-04-17,5,rule5_mom20,-0.003614234757015156
2026-04-17,10,mom20,-0.14260852227556858
2026-04-17,10,vol_ratio,0.07909023577627677
2026-04-17,10,squeeze,0.03949977608047062
2026-04-17,10,composite,-0.07228453795032816
2026-04-17,10,mom5,-0.052923860108501815
2026-04-17,10,mom60_skip5,0.02485420390776457
2026-04-17,10,mom60_riskadj,0.0052536244764004964
2026-04-17,10,vol_5_50,0.06997145784695126
2026-04-17,10,squeeze_own,-0.03063514309381243
2026-04-17,10,near_high,0.02365347535854931
2026-04-17,10,vs_sma50,0.025739138240244104
2026-04-17,10,vs_sma20,-0.13294931897490406
2026-04-17,10,rule5,0.04855304750430475
2026-04-17,10,rule5_mom20,-0.0077325601521063885
2026-04-17,20,mom20,-0.06163523935798148
2026-04-17,20,vol_ratio,0.12044832578440018
2026-04-17,20,squeeze,0.05589190244906574
2026-04-17,20,composite,0.002707115590731431
2026-04-17,20,mom5,0.008204512052311553
2026-04-17,20,mom60_skip5,0.08337843082129363
2026-04-17,20,mom60_riskadj,0.08327475698384836
2026-04-17,20,vol_5_50,0.12217701535705146
2026-04-17,20,squeeze_own,-0.024233555535194407
2026-04-17,20,near_high,0.11171271204566885
2026-04-17,20,vs_sma50,0.06757111264762154
2026-04-17,20,vs_sma20,-0.047611869914268516
2026-04-17,20,rule5,0.13324601284422108
2026-04-17,20,rule5_mom20,0.08065652637660711
2026-04-24,5,mom20,-0.025287272626498356
2026-04-24,5,vol_ratio,-0.04932238633395114
2026-04-24,5,squeeze,-0.010311394262449643
2026-04-24,5,composite,-0.08384570602324054
2026-04-24,5,mom5,0.06828057007171034
2026-04-24,5,mom60_skip5,-0.007696092900149398
2026-04-24,5,mom60_riskadj,-0.031768615625491
2026-04-24,5,vol_5_50,0.006347134692794936
2026-04-24,5,squeeze_own,-0.048415166206160536
2026-04-24,5,near_high,0.07716694913860328
2026-04-24,5,vs_sma50,0.07482815660289828
2026-04-24,5,vs_sma20,0.0431203495871517
2026-04-24,5,rule5,0.007188768517608069
2026-04-24,5,rule5_mom20,-0.0002957044093181137
2026-04-24,10,mom20,0.0775955636521146
2026-04-24,10,vol_ratio,0.047532289637358435
2026-04-24,10,squeeze,-0.03782312745193431
2026-04-24,10,composite,0.03006245599050014
2026-04-24,10,mom5,-0.018431474977223947
2026-04-24,10,mom60_skip5,-0.028339962362847738
2026-04-24,10,mom60_riskadj,-0.04271275726419768
2026-04-24,10,vol_5_50,0.06930401017223002
2026-04-24,10,squeeze_own,-0.027681427753618745
2026-04-24,10,near_high,0.04632657967657938
2026-04-24,10,vs_sma50,0.05282341817974259
2026-04-24,10,vs_sma20,0.09899701561611005
2026-04-24,10,rule5,0.02480025939403614
2026-04-24,10,rule5_mom20,0.04440422177069679
2026-04-24,20,mom20,0.0201889481279908
2026-04-24,20,vol_ratio,0.06590807758932968
2026-04-24,20,squeeze,-0.002578303682469646
2026-04-24,20,composite,0.017973298117835195
2026-04-24,20,mom5,0.06489344810918972
2026-04-24,20,mom60_skip5,0.014224894783506541
2026-04-24,20,mom60_riskadj,0.007053455346961834
2026-04-24,20,vol_5_50,0.1076117154184815
2026-04-24,20,squeeze_own,-0.044043862510018204
2026-04-24,20,near_high,0.08726587972004175
2026-04-24,20,vs_sma50,0.07428051109904571
2026-04-24,20,vs_sma20,0.09475330075736155
2026-04-24,20,rule5,0.08850344174068
2026-04-24,20,rule5_mom20,0.07977468972457342
2026-05-01,5,mom20,0.10316895005383364
2026-05-01,5,vol_ratio,0.01852931732001053
2026-05-01,5,squeeze,-0.036052539286218294
2026-05-01,5,composite,0.041013082563305325
2026-05-01,5,mom5,-0.015042383586551213
2026-05-01,5,mom60_skip5,0.01092576161164057
2026-05-01,5,mom60_riskadj,0.01018496882859944
2026-05-01,5,vol_5_50,0.05759424217001173
2026-05-01,5,squeeze_own,0.0003539330294706837
2026-05-01,5,near_high,0.025402933030621043
2026-05-01,5,vs_sma50,0.02370948107985337
2026-05-01,5,vs_sma20,0.03002087891971464
2026-05-01,5,rule5,-0.0004169009716532566
2026-05-01,5,rule5_mom20,0.022702593223714644
2026-05-01,10,mom20,0.09381037709191821
2026-05-01,10,vol_ratio,0.010369953343528148
2026-05-01,10,squeeze,-0.02613771227575443
2026-05-01,10,composite,0.024453063156613813
2026-05-01,10,mom5,0.03720282055608932
2026-05-01,10,mom60_skip5,0.12620326817604172
2026-05-01,10,mom60_riskadj,0.1300379103731598
2026-05-01,10,vol_5_50,0.08179161910125203
2026-05-01,10,squeeze_own,-0.06496890593830731
2026-05-01,10,near_high,0.12129263978407426
2026-05-01,10,vs_sma50,0.08122971963874728
2026-05-01,10,vs_sma20,0.09150342285525369
2026-05-01,10,rule5,0.06424327282880629
2026-05-01,10,rule5_mom20,0.07815557572762635
2026-05-01,20,mom20,0.14565039028345994
2026-05-01,20,vol_ratio,0.07660944805358419
2026-05-01,20,squeeze,-0.09069478932579257
2026-05-01,20,composite,0.09914523843459465
2026-05-01,20,mom5,0.023962595998454097
2026-05-01,20,mom60_skip5,0.01585298611920907
2026-05-01,20,mom60_riskadj,0.011506685547318636
2026-05-01,20,vol_5_50,0.12726258125056233
2026-05-01,20,squeeze_own,-0.07442410446312782
2026-05-01,20,near_high,0.08077061834325028
2026-05-01,20,vs_sma50,0.102568362764775
2026-05-01,20,vs_sma20,0.11491799167784775
2026-05-01,20,rule5,0.09202171936606837
2026-05-01,20,rule5_mom20,0.1167386628199389
2026-05-08,5,mom20,-0.027961709908457005
2026-05-08,5,vol_ratio,-0.03471377750004597
2026-05-08,5,squeeze,-0.008551678576611111
2026-05-08,5,composite,-0.05390089402180919
2026-05-08,5,mom5,-0.07925220849375748
2026-05-08,5,mom60_skip5,0.08765701269642537
2026-05-08,5,mom60_riskadj,0.10050624175728949
2026-05-08,5,vol_5_50,-0.04133582895259757
2026-05-08,5,squeeze_own,-0.024878247597402696
2026-05-08,5,near_high,0.08005991902982111
2026-05-08,5,vs_sma50,0.010525322215732007
2026-05-08,5,vs_sma20,0.010771286268005236
2026-05-08,5,rule5,-0.021980050895572263
2026-05-08,5,rule5_mom20,-0.0160402668792891
2026-05-08,10,mom20,0.0011081630169633267
2026-05-08,10,vol_ratio,0.05599561010206494
2026-05-08,10,squeeze,-0.041985636334211394
2026-05-08,10,composite,-0.0010371977204011677
2026-05-08,10,mom5,-0.0625683606501224
2026-05-08,10,mom60_skip5,0.06661229780757735
2026-05-08,10,mom60_riskadj,0.07298646853421353
2026-05-08,10,vol_5_50,0.10559414291874583
2026-05-08,10,squeeze_own,-0.09114433291570552
2026-05-08,10,near_high,0.08191772610435111
2026-05-08,10,vs_sma50,0.009552027545846931
2026-05-08,10,vs_sma20,-0.015745001460516085
2026-05-08,10,rule5,0.05035696177217641
2026-05-08,10,rule5_mom20,0.04237071609084123
2026-05-08,20,mom20,0.05000205398843872
2026-05-08,20,vol_ratio,0.06936250957790444
2026-05-08,20,squeeze,0.002650495931083423
2026-05-08,20,composite,0.07307558488149445
2026-05-08,20,mom5,-0.01830096522968329
2026-05-08,20,mom60_skip5,0.053614765727881215
2026-05-08,20,mom60_riskadj,0.06328394030842781
2026-05-08,20,vol_5_50,0.1360589192172807
2026-05-08,20,squeeze_own,-0.06791646483772498
2026-05-08,20,near_high,0.15651053971506673
2026-05-08,20,vs_sma50,0.06632009898132007
2026-05-08,20,vs_sma20,0.04723793432825936
2026-05-08,20,rule5,0.13880786968345155
2026-05-08,20,rule5_mom20,0.1336891538485316
2026-05-15,5,mom20,-0.07015424870560774
2026-05-15,5,vol_ratio,0.032795886276928636
2026-05-15,5,squeeze,-0.04993386401254088
2026-05-15,5,composite,-0.09596778924422314
2026-05-15,5,mom5,-0.07525885007093942
2026-05-15,5,mom60_skip5,-0.04822260517579942
2026-05-15,5,mom60_riskadj,-0.06133665020541486
2026-05-15,5,vol_5_50,0.11452462044382061
2026-05-15,5,squeeze_own,-0.12087139939234391
2026-05-15,5,near_high,-0.045101924611091186
2026-05-15,5,vs_sma50,-0.06483032800476246
2026-05-15,5,vs_sma20,-0.09026826632076485
2026-05-15,5,rule5,-0.05095417955169569
2026-05-15,5,rule5_mom20,-0.06626416358664336
2026-05-15,10,mom20,-0.0402800352363232
2026-05-15,10,vol_ratio,0.030543153556068445
2026-05-15,10,squeeze,-0.013498261508294217
2026-05-15,10,composite,-0.051243016119812385
2026-05-15,10,mom5,-0.15538814679505744
2026-05-15,10,mom60_skip5,0.015260172433913134
2026-05-15,10,mom60_riskadj,0.0029262747688083833
2026-05-15,10,vol_5_50,0.1214399418148736
2026-05-15,10,squeeze_own,-0.03221052559328562
2026-05-15,10,near_high,-0.003716456113559355
2026-05-15,10,vs_sma50,-0.004070393608266528
2026-05-15,10,vs_sma20,-0.05502851864505517
2026-05-15,10,rule5,0.010572503630033512
2026-05-15,10,rule5_mom20,-0.005249242782470055
2026-05-15,20,mom20,-0.0028441773196022577
2026-05-15,20,vol_ratio,0.034080492769384386
2026-05-15,20,squeeze,-0.015334795493903555
2026-05-15,20,composite,-0.003188907119707118
2026-05-15,20,mom5,-0.07229961015682305
2026-05-15,20,mom60_skip5,-0.026322382167162813
2026-05-15,20,mom60_riskadj,-0.023195677540038373
2026-05-15,20,vol_5_50,0.09356117760131974
2026-05-15,20,squeeze_own,-0.0689388177724861
2026-05-15,20,near_high,0.029189941558422052
2026-05-15,20,vs_sma50,0.022147161613764697
2026-05-15,20,vs_sma20,-0.019033334550609095
2026-05-15,20,rule5,0.043341136906644886
2026-05-15,20,rule5_mom20,0.040358558403028565
2026-05-22,5,mom20,0.07014567236881952
2026-05-22,5,vol_ratio,0.11389664210021061
2026-05-22,5,squeeze,0.011564457042193908
2026-05-22,5,composite,0.08715379533036223
2026-05-22,5,mom5,0.07326677120406534
2026-05-22,5,mom60_skip5,0.05662879009467435
2026-05-22,5,mom60_riskadj,0.042159542485405155
2026-05-22,5,vol_5_50,0.036975182873580426
2026-05-22,5,squeeze_own,0.014482632311715544
2026-05-22,5,near_high,0.0869059575503184
2026-05-22,5,vs_sma50,0.10177481903385932
2026-05-22,5,vs_sma20,0.06201390371715879
2026-05-22,5,rule5,0.09491188994648601
2026-05-22,5,rule5_mom20,0.0914904067109687
2026-05-22,10,mom20,0.1041518506486266
2026-05-22,10,vol_ratio,-0.021229957706042954
2026-05-22,10,squeeze,0.0071098057605609695
2026-05-22,10,composite,0.07233027317055851
2026-05-22,10,mom5,0.02117027183754696
2026-05-22,10,mom60_skip5,0.09327435135775163
2026-05-22,10,mom60_riskadj,0.08046049419509452
2026-05-22,10,vol_5_50,-0.010451521681017907
2026-05-22,10,squeeze_own,-0.030722312034654302
2026-05-22,10,near_high,0.1880641367680767
2026-05-22,10,vs_sma50,0.1453282457417044
2026-05-22,10,vs_sma20,0.10131985944423419
2026-05-22,10,rule5,0.1157056017940867
2026-05-22,10,rule5_mom20,0.12265520254104482
2026-05-22,20,mom20,0.09580342120875837
2026-05-22,20,vol_ratio,-0.05867824481343164
2026-05-22,20,squeeze,-0.008444016124102878
2026-05-22,20,composite,0.03149210700540547
2026-05-22,20,mom5,0.07508467987667378
2026-05-22,20,mom60_skip5,0.05555109914526539
2026-05-22,20,mom60_riskadj,0.05227205478736945
2026-05-22,20,vol_5_50,0.009599861416535323
2026-05-22,20,squeeze_own,-0.055021397713526196
2026-05-22,20,near_high,0.14242228283988867
2026-05-22,20,vs_sma50,0.11175748009619135
2026-05-22,20,vs_sma20,0.07868668749330794
2026-05-22,20,rule5,0.07700132212091416
2026-05-22,20,rule5_mom20,0.08804859714210747
2026-05-29,5,mom20,-0.04294213814058084
2026-05-29,5,vol_ratio,0.06374298149581203
2026-05-29,5,squeeze,0.026143054177984928
2026-05-29,5,composite,0.01928064598029543
2026-05-29,5,mom5,-0.08944104815147831
2026-05-29,5,mom60_skip5,0.0806506025557358
2026-05-29,5,mom60_riskadj,0.09087789171232454
2026-05-29,5,vol_5_50,-0.01283525518608205
2026-05-29,5,squeeze_own,-0.06904880115405237
2026-05-29,5,near_high,0.13334070962426084
2026-05-29,5,vs_sma50,0.01925418257145449
2026-05-29,5,vs_sma20,-0.02602227627040018
2026-05-29,5,rule5,0.0828485774616154
2026-05-29,5,rule5_mom20,0.058938307998076
2026-05-29,10,mom20,-0.00027019184113457917
2026-05-29,10,vol_ratio,0.017189146802026052
2026-05-29,10,squeeze,0.022569080143628246
2026-05-29,10,composite,0.030552945958515168
2026-05-29,10,mom5,-0.07913885681131934
2026-05-29,10,mom60_skip5,0.09790158516011718
2026-05-29,10,mom60_riskadj,0.10944403095973365
2026-05-29,10,vol_5_50,-0.015450929850756107
2026-05-29,10,squeeze_own,-0.04389129040029187
2026-05-29,10,near_high,0.15149946417009877
2026-05-29,10,vs_sma50,0.05753090838218865
2026-05-29,10,vs_sma20,-0.023861151530835956
2026-05-29,10,rule5,0.09266453326502294
2026-05-29,10,rule5_mom20,0.0748662951963473
2026-05-29,20,mom20,0.050612935160197804
2026-05-29,20,vol_ratio,0.0690533919838687
2026-05-29,20,squeeze,0.0067343640079520015
2026-05-29,20,composite,0.08380984830664369
2026-05-29,20,mom5,0.0446953115446057
2026-05-29,20,mom60_skip5,0.037187739374211395
2026-05-29,20,mom60_riskadj,0.0502623207215707
2026-05-29,20,vol_5_50,-0.0026063007309289608
2026-05-29,20,squeeze_own,-0.023848113888309496
2026-05-29,20,near_high,0.11259525319595795
2026-05-29,20,vs_sma50,0.06757252019344627
2026-05-29,20,vs_sma20,0.06994638057785277
2026-05-29,20,rule5,0.09659989026952738
2026-05-29,20,rule5_mom20,0.09069220734648213
2026-06-05,5,mom20,-0.009733733545737233
2026-06-05,5,vol_ratio,-0.019946387934261966
2026-06-05,5,squeeze,0.018676517863942615
2026-06-05,5,composite,-0.008043006241753062
2026-06-05,5,mom5,0.06607647032758236
2026-06-05,5,mom60_skip5,0.06458371996815848
2026-06-05,5,mom60_riskadj,0.06903260701083128
2026-06-05,5,vol_5_50,0.008368151233905259
2026-06-05,5,squeeze_own,-0.0006906609148721461
2026-06-05,5,near_high,0.07213207524219457
2026-06-05,5,vs_sma50,0.036291449106921364
2026-06-05,5,vs_sma20,-0.0024925501779658903
2026-06-05,5,rule5,0.0449552776428215
2026-06-05,5,rule5_mom20,0.036346576963358856
2026-06-05,10,mom20,-0.019563876533307892
2026-06-05,10,vol_ratio,0.0334821749441983
2026-06-05,10,squeeze,0.03475569280498841
2026-06-05,10,composite,-0.001442747459440471
2026-06-05,10,mom5,0.017002807633414007
2026-06-05,10,mom60_skip5,0.07354931811037593
2026-06-05,10,mom60_riskadj,0.07695096896118811
2026-06-05,10,vol_5_50,0.041556728482831845
2026-06-05,10,squeeze_own,0.0076377742618066085
2026-06-05,10,near_high,-0.002975120948135233
2026-06-05,10,vs_sma50,0.016535640110009738
2026-06-05,10,vs_sma20,-0.05809924285875876
2026-06-05,10,rule5,0.030250446835480387
2026-06-05,10,rule5_mom20,0.009760884161008466
2026-06-05,20,mom20,-0.03417253849757915
2026-06-05,20,vol_ratio,-0.0540487998840025
2026-06-05,20,squeeze,0.017517496086023536
2026-06-05,20,composite,-0.0758181080535143
2026-06-05,20,mom5,0.06571516376111128
2026-06-05,20,mom60_skip5,-0.05180509606760683
2026-06-05,20,mom60_riskadj,-0.04289527661801189
2026-06-05,20,vol_5_50,0.036295011425668995
2026-06-05,20,squeeze_own,-0.0287342768912494
2026-06-05,20,near_high,0.011716553114492384
2026-06-05,20,vs_sma50,0.0014527131464389044
2026-06-05,20,vs_sma20,0.09280388627510636
2026-06-05,20,rule5,-0.015476796737208184
2026-06-05,20,rule5_mom20,-0.027740969143881085
2026-06-12,5,mom20,-0.004256346971755551
2026-06-12,5,vol_ratio,0.021684863041360494
2026-06-12,5,squeeze,0.040066045716183156
2026-06-12,5,composite,0.005479704623627066
2026-06-12,5,mom5,0.0668421739311562
2026-06-12,5,mom60_skip5,0.0800049712082934
2026-06-12,5,mom60_riskadj,0.08056669346626928
2026-06-12,5,vol_5_50,-0.0023539754423940284
2026-06-12,5,squeeze_own,0.012484029007668427
2026-06-12,5,near_high,-0.014319389890831665
2026-06-12,5,vs_sma50,0.044954658515904106
2026-06-12,5,vs_sma20,-0.029551894982525667
2026-06-12,5,rule5,0.02352511312488359
2026-06-12,5,rule5_mom20,0.009867651887628318
2026-06-12,10,mom20,0.15525276606611738
2026-06-12,10,vol_ratio,0.06257819965224065
2026-06-12,10,squeeze,0.031064052908851867
2026-06-12,10,composite,0.17438266233206542
2026-06-12,10,mom5,0.13878590816751038
2026-06-12,10,mom60_skip5,0.05528308655067401
2026-06-12,10,mom60_riskadj,0.05630871432670896
2026-06-12,10,vol_5_50,-0.01031984781309778
2026-06-12,10,squeeze_own,0.03947204013579133
2026-06-12,10,near_high,0.05363795516765413
2026-06-12,10,vs_sma50,0.1077378497332046
2026-06-12,10,vs_sma20,0.13391936606307112
2026-06-12,10,rule5,0.08919796121783832
2026-06-12,10,rule5_mom20,0.12295911598924071
2026-06-12,20,mom20,0.14530544829075015
2026-06-12,20,vol_ratio,0.057639757999031475
2026-06-12,20,squeeze,0.04621722573640167
2026-06-12,20,composite,0.16119104015270622
2026-06-12,20,mom5,0.14493811095790365
2026-06-12,20,mom60_skip5,-0.0005049138644431292
2026-06-12,20,mom60_riskadj,0.008814900362358807
2026-06-12,20,vol_5_50,0.03255948516030242
2026-06-12,20,squeeze_own,0.01804271450889385
2026-06-12,20,near_high,0.05458705257911639
2026-06-12,20,vs_sma50,0.07706250033869676
2026-06-12,20,vs_sma20,0.15896696939824023
2026-06-12,20,rule5,0.0963767018680156
2026-06-12,20,rule5_mom20,0.123202624338291
2026-06-18,5,mom20,0.12377326661082837
2026-06-18,5,vol_ratio,0.08448618235734005
2026-06-18,5,squeeze,0.058818031982307506
2026-06-18,5,composite,0.16519073111155697
2026-06-18,5,mom5,-0.01782807865409883
2026-06-18,5,mom60_skip5,0.008011795861500031
2026-06-18,5,mom60_riskadj,0.026965764459229283
2026-06-18,5,vol_5_50,0.0741622795940987
2026-06-18,5,squeeze_own,0.025062985831975523
2026-06-18,5,near_high,0.09549715855006186
2026-06-18,5,vs_sma50,0.06785767060373449
2026-06-18,5,vs_sma20,0.14144676040244888
2026-06-18,5,rule5,0.14465289201335652
2026-06-18,5,rule5_mom20,0.154233690699513
2026-06-18,10,mom20,0.04547806354760924
2026-06-18,10,vol_ratio,0.1054364059439372
2026-06-18,10,squeeze,0.029176153878324645
2026-06-18,10,composite,0.09603183168243687
2026-06-18,10,mom5,-0.022891724267763397
2026-06-18,10,mom60_skip5,-0.08622289571645964
2026-06-18,10,mom60_riskadj,-0.06730854808385654
2026-06-18,10,vol_5_50,0.06801114521812483
2026-06-18,10,squeeze_own,-0.0017630107475328951
2026-06-18,10,near_high,0.012043451931739203
2026-06-18,10,vs_sma50,-0.026375937777833987
2026-06-18,10,vs_sma20,0.06893700764369766
2026-06-18,10,rule5,0.06325456118924486
2026-06-18,10,rule5_mom20,0.06877326364004488
2026-06-18,20,mom20,0.0470208117927655
2026-06-18,20,vol_ratio,0.09967395059313716
2026-06-18,20,squeeze,0.05840347055501365
2026-06-18,20,composite,0.09083069416117322
2026-06-18,20,mom5,-0.11146912426524629
2026-06-18,20,mom60_skip5,-0.06448971899295873
2026-06-18,20,mom60_riskadj,-0.0514305491869614
2026-06-18,20,vol_5_50,0.060668295971383436
2026-06-18,20,squeeze_own,0.006502414013922772
2026-06-18,20,near_high,0.008635266189714023
2026-06-18,20,vs_sma50,-0.01791634387250667
2026-06-18,20,vs_sma20,0.013736543923239251
2026-06-18,20,rule5,0.06384016011894054
2026-06-18,20,rule5_mom20,0.061701070304979885
2026-06-26,5,mom20,-0.04392731502276022
2026-06-26,5,vol_ratio,0.0665949841653141
2026-06-26,5,squeeze,-0.018262016841607425
2026-06-26,5,composite,-0.010353219675591427
2026-06-26,5,mom5,0.1196381741714445
2026-06-26,5,mom60_skip5,-0.17201555645526845
2026-06-26,5,mom60_riskadj,-0.15211996692829804
2026-06-26,5,vol_5_50,0.033902934542825856
2026-06-26,5,squeeze_own,-0.05300018042063026
2026-06-26,5,near_high,-0.023908096835165937
2026-06-26,5,vs_sma50,-0.07314591762287805
2026-06-26,5,vs_sma20,0.04363204671703132
2026-06-26,5,rule5,-0.012153427752148163
2026-06-26,5,rule5_mom20,-0.022668017755788403
2026-06-26,10,mom20,0.06395298045002072
2026-06-26,10,vol_ratio,0.0718554453473717
2026-06-26,10,squeeze,0.04205656573567097
2026-06-26,10,composite,0.05791033839751105
2026-06-26,10,mom5,0.2073107580115129
2026-06-26,10,mom60_skip5,-0.17342445129517767
2026-06-26,10,mom60_riskadj,-0.15437182701092297
2026-06-26,10,vol_5_50,0.06177114781355714
2026-06-26,10,squeeze_own,-0.043553233971223564
2026-06-26,10,near_high,0.012783368606620426
2026-06-26,10,vs_sma50,0.007952835273121881
2026-06-26,10,vs_sma20,0.07760710981279954
2026-06-26,10,rule5,0.04527492846154756
2026-06-26,10,rule5_mom20,0.045709560402277964
2026-06-26,20,mom20,0.10920153890900512
2026-06-26,20,vol_ratio,0.06784067838085275
2026-06-26,20,squeeze,0.0489753030996182
2026-06-26,20,composite,0.09031650247268008
2026-06-26,20,mom5,0.2092098927700481
2026-06-26,20,mom60_skip5,-0.1609207093012398
2026-06-26,20,mom60_riskadj,-0.1306627442329554
2026-06-26,20,vol_5_50,0.07592574804944167
2026-06-26,20,squeeze_own,-0.05819396832997401
2026-06-26,20,near_high,0.052040994010172835
2026-06-26,20,vs_sma50,0.031546317256028314
2026-06-26,20,vs_sma20,0.0900877628715213
2026-06-26,20,rule5,0.06940785072643726
2026-06-26,20,rule5_mom20,0.07745861367111981
2026-07-02,5,mom20,-0.004903857709075039
2026-07-02,5,vol_ratio,-0.03428484483575841
2026-07-02,5,squeeze,-0.03644351591895727
2026-07-02,5,composite,-0.04031323274873742
2026-07-02,5,mom5,-0.09909551801504572
2026-07-02,5,mom60_skip5,0.02512311388867213
2026-07-02,5,mom60_riskadj,0.0315153623326083
2026-07-02,5,vol_5_50,0.0021102327448634995
2026-07-02,5,squeeze_own,-0.05598005141743548
2026-07-02,5,near_high,-0.013703282378443106
2026-07-02,5,vs_sma50,0.0062169257375227415
2026-07-02,5,vs_sma20,-0.07959408406813491
2026-07-02,5,rule5,-0.02689647287349794
2026-07-02,5,rule5_mom20,-0.029581211690392784
2026-07-02,10,mom20,0.10874572950226441
2026-07-02,10,vol_ratio,-0.08163663066027357
2026-07-02,10,squeeze,-0.03946707387895653
2026-07-02,10,composite,0.015568464671727846
2026-07-02,10,mom5,-0.028890452788835085
2026-07-02,10,mom60_skip5,-0.01440711834187142
2026-07-02,10,mom60_riskadj,0.003756234279380566
2026-07-02,10,vol_5_50,0.03124839618500983
2026-07-02,10,squeeze_own,-0.09564457762823726
2026-07-02,10,near_high,0.06173853970438151
2026-07-02,10,vs_sma50,0.07898002864184304
2026-07-02,10,vs_sma20,0.03443310022180527
2026-07-02,10,rule5,0.030781147560587946
2026-07-02,10,rule5_mom20,0.05087427419513883
2026-07-02,20,mom20,0.0727653780830232
2026-07-02,20,vol_ratio,-0.05155436957163794
2026-07-02,20,squeeze,-0.019589323313391502
2026-07-02,20,composite,0.0014832441291351146
2026-07-02,20,mom5,-0.014243133712563852
2026-07-02,20,mom60_skip5,-0.10162942655348202
2026-07-02,20,mom60_riskadj,-0.0845052606372968
2026-07-02,20,vol_5_50,0.05858580504588036
2026-07-02,20,squeeze_own,-0.08343913675363572
2026-07-02,20,near_high,-0.0008529189332659156
2026-07-02,20,vs_sma50,0.015082433490439058
2026-07-02,20,vs_sma20,0.009035033460165846
2026-07-02,20,rule5,-0.012005454733139471
2026-07-02,20,rule5_mom20,-9.771282967807005e-05
2026-07-10,5,mom20,0.1562190726592248
2026-07-10,5,vol_ratio,-0.050912363416683086
2026-07-10,5,squeeze,0.02690906395222133
2026-07-10,5,composite,0.08892636237362113
2026-07-10,5,mom5,0.14490918254621132
2026-07-10,5,mom60_skip5,0.0054776514380457655
2026-07-10,5,mom60_riskadj,0.03300419579567798
2026-07-10,5,vol_5_50,0.043200467262115204
2026-07-10,5,squeeze_own,-0.09887142767174965
2026-07-10,5,near_high,0.1952164623079771
2026-07-10,5,vs_sma50,0.18267743886902937
2026-07-10,5,vs_sma20,0.21794303068186086
2026-07-10,5,rule5,0.14672268461499638
2026-07-10,5,rule5_mom20,0.15771238293908915
2026-07-10,10,mom20,0.05751120965654364
2026-07-10,10,vol_ratio,-0.013281584491189258
2026-07-10,10,squeeze,0.0868869095683895
2026-07-10,10,composite,0.03565578529019607
2026-07-10,10,mom5,0.16359653003639077
2026-07-10,10,mom60_skip5,-0.06892171550045509
2026-07-10,10,mom60_riskadj,-0.057135994742968786
2026-07-10,10,vol_5_50,0.0777260927371137
2026-07-10,10,squeeze_own,-0.06637179098603646
2026-07-10,10,near_high,0.11899889947443933
2026-07-10,10,vs_sma50,0.09038064400381385
2026-07-10,10,vs_sma20,0.1407443213515215
2026-07-10,10,rule5,0.09666840719965954
2026-07-10,10,rule5_mom20,0.08655860618653119
2026-07-10,20,mom20,-0.012047497206610197
2026-07-10,20,vol_ratio,0.014666841473619352
2026-07-10,20,squeeze,0.03801558239572852
2026-07-10,20,composite,-0.02898020057705345
2026-07-10,20,mom5,-0.00918468073415383
2026-07-10,20,mom60_skip5,-0.028201485884249398
2026-07-10,20,mom60_riskadj,-0.03927762089611148
2026-07-10,20,vol_5_50,0.05056329730638772
2026-07-10,20,squeeze_own,-0.018550253684478817
2026-07-10,20,near_high,0.013049216862312807
2026-07-10,20,vs_sma50,6.454158989389577e-05
2026-07-10,20,vs_sma20,0.026347978977226398
2026-07-10,20,rule5,-0.00672391342815846
2026-07-10,20,rule5_mom20,-0.015104707362029762
2026-07-17,5,mom20,-0.09716327452544032
2026-07-17,5,vol_ratio,0.03536252775188544
2026-07-17,5,squeeze,0.09219377536002721
2026-07-17,5,composite,-0.038276879880454216
2026-07-17,5,mom5,-0.03846908183826571
2026-07-17,5,mom60_skip5,-0.10310768238595107
2026-07-17,5,mom60_riskadj,-0.10108929429527815
2026-07-17,5,vol_5_50,-0.011783446724275842
2026-07-17,5,squeeze_own,0.047473427269387136
2026-07-17,5,near_high,-0.06982197814031858
2026-07-17,5,vs_sma50,-0.09827231179257827
2026-07-17,5,vs_sma20,-0.061142633046956656
2026-07-17,5,rule5,-0.04232001786855343
2026-07-17,5,rule5_mom20,-0.07193350265048208
2026-07-17,10,mom20,0.013217347562946659
2026-07-17,10,vol_ratio,0.033912428946154406
2026-07-17,10,squeeze,0.030823690777576903
2026-07-17,10,composite,0.029141837233732364
2026-07-17,10,mom5,-0.025523542012339244
2026-07-17,10,mom60_skip5,-0.0691148783796614
2026-07-17,10,mom60_riskadj,-0.07182428945437071
2026-07-17,10,vol_5_50,-0.0017110131361749202
2026-07-17,10,squeeze_own,0.01679727526666142
2026-07-17,10,near_high,-0.015706905725269258
2026-07-17,10,vs_sma50,-0.021395851308878975
2026-07-17,10,vs_sma20,0.013536755903328814
2026-07-17,10,rule5,0.0015774719930650922
2026-07-17,10,rule5_mom20,-0.003177951964458742
2026-07-17,20,mom20,-0.10823589611055998
2026-07-17,20,vol_ratio,0.11077644219241374
2026-07-17,20,squeeze,-0.01857198847856892
2026-07-17,20,composite,-0.04718315939286472
2026-07-17,20,mom5,-0.09327952992522942
2026-07-17,20,mom60_skip5,-0.05892919922886275
2026-07-17,20,mom60_riskadj,-0.0804720599482293
2026-07-17,20,vol_5_50,0.007016399724277644
2026-07-17,20,squeeze_own,0.03674354967817994
2026-07-17,20,near_high,-0.12339860508711624
2026-07-17,20,vs_sma50,-0.13492251833920668
2026-07-17,20,vs_sma20,-0.12341630581597424
2026-07-17,20,rule5,-0.06562831300517757
2026-07-17,20,rule5_mom20,-0.09168533264125772
2026-07-24,5,mom20,0.058171420506662325
2026-07-24,5,vol_ratio,0.058313734124187264
2026-07-24,5,squeeze,0.030658294060202398
2026-07-24,5,composite,0.05475076038430009
2026-07-24,5,mom5,-0.06445659054852185
2026-07-24,5,mom60_skip5,-0.000864821965446359
2026-07-24,5,mom60_riskadj,0.00876172458708151
2026-07-24,5,vol_5_50,0.02549047794516823
2026-07-24,5,squeeze_own,0.049433496007690717
2026-07-24,5,near_high,0.05013763388707415
2026-07-24,5,vs_sma50,0.08195563202329953
2026-07-24,5,vs_sma20,0.03045492284716714
2026-07-24,5,rule5,0.04107229622051617
2026-07-24,5,rule5_mom20,0.045432900821723216
2026-07-24,10,mom20,-0.09043723264559222
2026-07-24,10,vol_ratio,0.0863715816336404
2026-07-24,10,squeeze,-0.07743551572510271
2026-07-24,10,composite,-0.06698182719566785
2026-07-24,10,mom5,-0.02861248788822872
2026-07-24,10,mom60_skip5,-0.057775975540255264
2026-07-24,10,mom60_riskadj,-0.051925357578255484
2026-07-24,10,vol_5_50,-0.025283406845864928
2026-07-24,10,squeeze_own,0.020178984849925325
2026-07-24,10,near_high,-0.11375604198949414
2026-07-24,10,vs_sma50,-0.08238114613608957
2026-07-24,10,vs_sma20,-0.11824468563660713
2026-07-24,10,rule5,-0.08959461953586426
2026-07-24,10,rule5_mom20,-0.10122543786587007
2026-07-24,20,mom20,-0.025672552836216098
2026-07-24,20,vol_ratio,0.03645067925940741
2026-07-24,20,squeeze,-0.04028222463308786
2026-07-24,20,composite,-0.035537223053442146
2026-07-24,20,mom5,-0.003140239854989411
2026-07-24,20,mom60_skip5,-0.059446470461251164
2026-07-24,20,mom60_riskadj,-0.05463779017918136
2026-07-24,20,vol_5_50,-0.003143461722030707
2026-07-24,20,squeeze_own,0.0021265632091172636
2026-07-24,20,near_high,-0.07779714605980191
2026-07-24,20,vs_sma50,-0.03713754685773455
2026-07-24,20,vs_sma20,-0.06739455624005994
2026-07-24,20,rule5,-0.06624572632313017
2026-07-24,20,rule5_mom20,-0.06561230957302291
2026-07-31,5,mom20,-0.1943785477021799
2026-07-31,5,vol_ratio,-0.01816368034275158
2026-07-31,5,squeeze,-0.1166842716111757
2026-07-31,5,composite,-0.1662355102891402
2026-07-31,5,mom5,-0.09269949798885388
2026-07-31,5,mom60_skip5,-0.08968341113609934
2026-07-31,5,mom60_riskadj,-0.0813968005309301
2026-07-31,5,vol_5_50,-0.07482518918962144
2026-07-31,5,squeeze_own,0.03236594078074421
2026-07-31,5,near_high,-0.19949350819897188
2026-07-31,5,vs_sma50,-0.15881034957554718
2026-07-31,5,vs_sma20,-0.12116416580045407
2026-07-31,5,rule5,-0.1841947964237624
2026-07-31,5,rule5_mom20,-0.19717490729877968
2026-07-31,10,mom20,-0.17676644893691956
2026-07-31,10,vol_ratio,0.02466580432930366
2026-07-31,10,squeeze,-0.11006548586203055
2026-07-31,10,composite,-0.14105900787561937
2026-07-31,10,mom5,-0.10808501478873588
2026-07-31,10,mom60_skip5,-0.0814972403564295
2026-07-31,10,mom60_riskadj,-0.08120112393721532
2026-07-31,10,vol_5_50,-0.024971771766046914
2026-07-31,10,squeeze_own,0.003654543568291218
2026-07-31,10,near_high,-0.20931216061205804
2026-07-31,10,vs_sma50,-0.17409932884498872
2026-07-31,10,vs_sma20,-0.14485588470727337
2026-07-31,10,rule5,-0.1618208858814236
2026-07-31,10,rule5_mom20,-0.18045645665537374
2026-07-31,20,mom20,-0.11691312772085818
2026-07-31,20,vol_ratio,-0.02346406892655129
2026-07-31,20,squeeze,-0.10546545403528611
2026-07-31,20,composite,-0.11199359680624461
2026-07-31,20,mom5,-0.13863084869352588
2026-07-31,20,mom60_skip5,-0.04421782249894551
2026-07-31,20,mom60_riskadj,-0.060661695122167306
2026-07-31,20,vol_5_50,-0.02212394144782326
2026-07-31,20,squeeze_own,-0.04719517447935496
2026-07-31,20,near_high,-0.11011280778044488
2026-07-31,20,vs_sma50,-0.060134138711587556
2026-07-31,20,vs_sma20,-0.12200918276762888
2026-07-31,20,rule5,-0.10789586499171948
2026-07-31,20,rule5_mom20,-0.11721346606181676
2026-08-07,5,mom20,0.024335457571006767
2026-08-07,5,vol_ratio,-0.04777755500553874
2026-08-07,5,squeeze,0.01403499467330561
2026-08-07,5,composite,-0.013161179122105618
2026-08-07,5,mom5,0.08886971902528445
2026-08-07,5,mom60_skip5,-0.05400596226712055
2026-08-07,5,mom60_riskadj,-0.08954152636824103
2026-08-07,5,vol_5_50,-0.05999204490607549
2026-08-07,5,squeeze_own,0.02468004543592015
2026-08-07,5,near_high,-0.043792141027218796
2026-08-07,5,vs_sma50,-0.0020238440575364265
2026-08-07,5,vs_sma20,0.04974882933968102
2026-08-07,5,rule5,-0.06960181790626839
2026-08-07,5,rule5_mom20,-0.04744239162837051
2026-08-07,10,mom20,0.015109831898877435
2026-08-07,10,vol_ratio,-0.07402806584439932
2026-08-07,10,squeeze,0.06346668155609983
2026-08-07,10,composite,-0.023355652611351703
2026-08-07,10,mom5,0.0685571990943525
2026-08-07,10,mom60_skip5,-0.016827848291806016
2026-08-07,10,mom60_riskadj,-0.06141747463053683
2026-08-07,10,vol_5_50,-0.09023194334232237
2026-08-07,10,squeeze_own,0.05865542431424349
2026-08-07,10,near_high,-0.030110827537285518
2026-08-07,10,vs_sma50,0.023392777505660652
2026-08-07,10,vs_sma20,0.03469389806568326
2026-08-07,10,rule5,-0.05817962697140183
2026-08-07,10,rule5_mom20,-0.043800936816838255
2026-08-07,20,mom20,-0.020523145224481995
2026-08-07,20,vol_ratio,-0.07207559465775974
2026-08-07,20,squeeze,0.058213492347049395
2026-08-07,20,composite,-0.0520552193791891
2026-08-07,20,mom5,0.031201776433595785
2026-08-07,20,mom60_skip5,-0.0011464353866789286
2026-08-07,20,mom60_riskadj,-0.05710448962977124
2026-08-07,20,vol_5_50,-0.06204888198494247
2026-08-07,20,squeeze_own,0.0182137499809831
2026-08-07,20,near_high,-0.023769785317606443
2026-08-07,20,vs_sma50,0.012577962046754713
2026-08-07,20,vs_sma20,-0.0043174264186726765
2026-08-07,20,rule5,-0.048352478015809615
2026-08-07,20,rule5_mom20,-0.04555775216290704
2026-08-14,5,mom20,0.08463916705636876
2026-08-14,5,vol_ratio,0.005230382161640378
2026-08-14,5,squeeze,0.011207506998649289
2026-08-14,5,composite,0.060752274870412515
2026-08-14,5,mom5,-0.11439274747315033
2026-08-14,5,mom60_skip5,0.08207802556487329
2026-08-14,5,mom60_riskadj,0.05665757208667249
2026-08-14,5,vol_5_50,0.010017354119724911
2026-08-14,5,squeeze_own,0.004413887679549113
2026-08-14,5,near_high,0.08003824535068312
2026-08-14,5,vs_sma50,0.1332192148380674
2026-08-14,5,vs_sma20,0.057988694515213976
2026-08-14,5,rule5,0.07742524238605934
2026-08-14,5,rule5_mom20,0.08939840959702743
2026-08-14,10,mom20,0.05677227286599571
2026-08-14,10,vol_ratio,-0.019078850462416724
2026-08-14,10,squeeze,-0.010266453127561883
2026-08-14,10,composite,0.02347266177679064
2026-08-14,10,mom5,-0.09200977362950032
2026-08-14,10,mom60_skip5,0.11099883459768052
2026-08-14,10,mom60_riskadj,0.09573805127742474
2026-08-14,10,vol_5_50,0.018100817087005068
2026-08-14,10,squeeze_own,-0.04213400457454815
2026-08-14,10,near_high,0.13234953147020864
2026-08-14,10,vs_sma50,0.1521826529928345
2026-08-14,10,vs_sma20,0.04287287481441102
2026-08-14,10,rule5,0.11359970225893179
2026-08-14,10,rule5_mom20,0.11097894715883014
2026-08-14,20,mom20,0.027272639688453348
2026-08-14,20,vol_ratio,0.02406019098311864
2026-08-14,20,squeeze,0.006271070051324506
2026-08-14,20,composite,0.024060431706138894
2026-08-14,20,mom5,-0.03858337455447687
2026-08-14,20,mom60_skip5,0.07892918328254951
2026-08-14,20,mom60_riskadj,0.07183730293700841
2026-08-14,20,vol_5_50,0.08992671752786749
2026-08-14,20,squeeze_own,-0.0739280787816036
2026-08-14,20,near_high,0.15900797800003819
2026-08-14,20,vs_sma50,0.13358911598313042
2026-08-14,20,vs_sma20,0.024344966316083117
2026-08-14,20,rule5,0.14890929395501912
2026-08-14,20,rule5_mom20,0.13105862995131148
2026-08-21,5,mom20,-0.02461286997261982
2026-08-21,5,vol_ratio,-0.02521795934759088
2026-08-21,5,squeeze,0.002645380590659977
2026-08-21,5,composite,-0.022543418829179387
2026-08-21,5,mom5,0.13597781674609571
2026-08-21,5,mom60_skip5,0.15123905201040655
2026-08-21,5,mom60_riskadj,0.14991391091288267
2026-08-21,5,vol_5_50,-0.004326401703608295
2026-08-21,5,squeeze_own,-0.06080892918646646
2026-08-21,5,near_high,0.14123955787680642
2026-08-21,5,vs_sma50,0.0826439136976958
2026-08-21,5,vs_sma20,0.010239559955738886
2026-08-21,5,rule5,0.07038827310430917
2026-08-21,5,rule5_mom20,0.054870744867846585
2026-08-21,10,mom20,0.024549146522094036
2026-08-21,10,vol_ratio,0.039523572761111306
2026-08-21,10,squeeze,0.014923959998984366
2026-08-21,10,composite,0.040559478903964705
2026-08-21,10,mom5,0.07335023147704894
2026-08-21,10,mom60_skip5,0.06810397290710578
2026-08-21,10,mom60_riskadj,0.06078095946581279
2026-08-21,10,vol_5_50,0.058308439067801955
2026-08-21,10,squeeze_own,-0.044146415484165744
2026-08-21,10,near_high,0.10745902246714478
2026-08-21,10,vs_sma50,0.07888573827024367
2026-08-21,10,vs_sma20,0.05087882548900427
2026-08-21,10,rule5,0.09460113717164353
2026-08-21,10,rule5_mom20,0.0896556668164085
2026-08-28,5,mom20,0.037050629724193374
2026-08-28,5,vol_ratio,0.07858247315760715
2026-08-28,5,squeeze,-0.038642400052051655
2026-08-28,5,composite,0.05829159767600245
2026-08-28,5,mom5,0.03241117678959786
2026-08-28,5,mom60_skip5,0.003121573393658436
2026-08-28,5,mom60_riskadj,-0.0037366531976316527
2026-08-28,5,vol_5_50,0.04713857639719147
2026-08-28,5,squeeze_own,-0.05264277919742726
2026-08-28,5,near_high,0.026285551318081433
2026-08-28,5,vs_sma50,0.04238287356961727
2026-08-28,5,vs_sma20,0.04347460178402669
2026-08-28,5,rule5,0.059391768296581604
2026-08-28,5,rule5_mom20,0.06626336038071252
2026-08-28,10,mom20,-0.02994881694315189
2026-08-28,10,vol_ratio,-0.023206464836169487
2026-08-28,10,squeeze,-0.060331817140572924
2026-08-28,10,composite,-0.06037121135434145
2026-08-28,10,mom5,0.047861808362204675
2026-08-28,10,mom60_skip5,0.041856612072503775
2026-08-28,10,mom60_riskadj,0.04523251782693188
2026-08-28,10,vol_5_50,0.03556838549132006
2026-08-28,10,squeeze_own,-0.10423337075699905
2026-08-28,10,near_high,0.05117587450592402
2026-08-28,10,vs_sma50,0.030763171279657615
2026-08-28,10,vs_sma20,0.03695595409753223
2026-08-28,10,rule5,0.022796527532091212
2026-08-28,10,rule5_mom20,0.012893004991246865
2026-09-04,5,mom20,0.011581760785862658
2026-09-04,5,vol_ratio,-0.05168823638138646
2026-09-04,5,squeeze,-0.007852605171390966
2026-09-04,5,composite,-0.021489952286116585
2026-09-04,5,mom5,-0.05771771338902068
2026-09-04,5,mom60_skip5,0.03618796598896657
2026-09-04,5,mom60_riskadj,0.04526084303645921
2026-09-04,5,vol_5_50,0.022613257556846678
2026-09-04,5,squeeze_own,-0.011000241792505921
2026-09-04,5,near_high,0.023926355475379857
2026-09-04,5,vs_sma50,-0.0004218092074454126
2026-09-04,5,vs_sma20,0.020459133064605447
2026-09-04,5,rule5,-0.002941140456386067
2026-09-04,5,rule5_mom20,-0.005631100048495572
