date,horizon,signal,ic_magnitude
2026-04-17,5,mom20,-0.0523698740180236
2026-04-17,5,vol_ratio,0.06453517050279331
2026-04-17,5,squeeze,0.07011499062523154
2026-04-17,5,composite,0.021039622099548863
2026-04-17,5,mom5,-0.07609208841009245
2026-04-17,5,mom60_skip5,0.1277532056433809
2026-04-17,5,mom60_riskadj,0.11156244640579699
2026-04-17,5,vol_5_50,0.04071622719890754
2026-04-17,5,squeeze_own,-0.005595016973606372
2026-04-17,5,low_vol,0.06861398178560922
2026-04-17,5,near_high,0.08120270429580825
2026-04-17,5,vs_sma50,0.07298274068773998
2026-04-17,5,vs_sma20,-0.09176944046855758
2026-04-17,5,rule5,0.10531656873784093
2026-04-17,5,rule5_mom20,0.07313198806741833
2026-04-17,10,mom20,-0.07211057075676677
2026-04-17,10,vol_ratio,0.08711689866393041
2026-04-17,10,squeeze,0.08248914735398429
2026-04-17,10,composite,0.011011594755686496
2026-04-17,10,mom5,-0.027831100591672216
2026-04-17,10,mom60_skip5,0.09533321648498688
2026-04-17,10,mom60_riskadj,0.05783243220025188
2026-04-17,10,vol_5_50,0.051987882879016054
2026-04-17,10,squeeze_own,-0.0010886162990534805
2026-04-17,10,low_vol,0.08461292198980443
2026-04-17,10,near_high,0.07284294565574204
2026-04-17,10,vs_sma50,0.0857186716941597
2026-04-17,10,vs_sma20,-0.07960019995600595
2026-04-17,10,rule5,0.09363820905607685
2026-04-17,10,rule5_mom20,0.06004986887009767
2026-04-17,20,mom20,-0.01958233889853087
2026-04-17,20,vol_ratio,0.08441908589669066
2026-04-17,20,squeeze,-0.021185689521937227
2026-04-17,20,composite,-0.006382982794547361
2026-04-17,20,mom5,0.02733370737832152
2026-04-17,20,mom60_skip5,0.06097087393998424
2026-04-17,20,mom60_riskadj,0.07524190170321286
2026-04-17,20,vol_5_50,0.10402751811145856
2026-04-17,20,squeeze_own,-0.021180182968907602
2026-04-17,20,low_vol,-0.04066792153154445
2026-04-17,20,near_high,0.06344469220630289
2026-04-17,20,vs_sma50,0.10441888376011284
2026-04-17,20,vs_sma20,0.0034439186456040245
2026-04-17,20,rule5,0.05640497074677214
2026-04-17,20,rule5_mom20,0.04297534305983355
2026-04-24,5,mom20,0.007362301824704617
2026-04-24,5,vol_ratio,-0.01870159582211202
2026-04-24,5,squeeze,0.029366684719482537
2026-04-24,5,composite,-0.01293174218384398
2026-04-24,5,mom5,0.07752437145039905
2026-04-24,5,mom60_skip5,0.00542453144972268
2026-04-24,5,mom60_riskadj,-0.025545223383516637
2026-04-24,5,vol_5_50,0.02433380426443346
2026-04-24,5,squeeze_own,-0.01978052163491301
2026-04-24,5,low_vol,0.050138612990627975
2026-04-24,5,near_high,0.07103019030327024
2026-04-24,5,vs_sma50,0.08503128504881993
2026-04-24,5,vs_sma20,0.09047949769362054
2026-04-24,5,rule5,0.02610051558671229
2026-04-24,5,rule5_mom20,0.024258694833132373
2026-04-24,10,mom20,0.09011944327530523
2026-04-24,10,vol_ratio,0.056152970342373494
2026-04-24,10,squeeze,-0.014169332589490475
2026-04-24,10,composite,0.04207938347414679
2026-04-24,10,mom5,0.0002727421229624483
2026-04-24,10,mom60_skip5,-0.017422236044268326
2026-04-24,10,mom60_riskadj,-0.030588230690248255
2026-04-24,10,vol_5_50,0.0567914926152407
2026-04-24,10,squeeze_own,-0.015313889964429282
2026-04-24,10,low_vol,0.01699872393242842
2026-04-24,10,near_high,0.0439913307611111
2026-04-24,10,vs_sma50,0.06002145159932192
2026-04-24,10,vs_sma20,0.12597256006110916
2026-04-24,10,rule5,0.011877820553278287
2026-04-24,10,rule5_mom20,0.032119613066486565
2026-04-24,20,mom20,0.04477364662145685
2026-04-24,20,vol_ratio,0.08380151694048407
2026-04-24,20,squeeze,-0.027942128537123627
2026-04-24,20,composite,0.0289381714397838
2026-04-24,20,mom5,0.07202248321139929
2026-04-24,20,mom60_skip5,0.0032196862994050336
2026-04-24,20,mom60_riskadj,0.0014319056593524986
2026-04-24,20,vol_5_50,0.10835548107460564
2026-04-24,20,squeeze_own,-0.03625946520586193
2026-04-24,20,low_vol,-0.030469277685535562
2026-04-24,20,near_high,0.0566087410134995
2026-04-24,20,vs_sma50,0.07939351269478034
2026-04-24,20,vs_sma20,0.12281332093608473
2026-04-24,20,rule5,0.03723506172106182
2026-04-24,20,rule5_mom20,0.046642145989756675
2026-05-01,5,mom20,0.11067920657674868
2026-05-01,5,vol_ratio,0.027058102637662815
2026-05-01,5,squeeze,-0.043370596964220215
2026-05-01,5,composite,0.03316714657802102
2026-05-01,5,mom5,-0.003454835004998084
2026-05-01,5,mom60_skip5,0.03089381541376667
2026-05-01,5,mom60_riskadj,0.028374262815331768
2026-05-01,5,vol_5_50,0.05655608012767708
2026-05-01,5,squeeze_own,-0.031403543707597015
2026-05-01,5,low_vol,-0.006879511009338309
2026-05-01,5,near_high,0.0499489446435788
2026-05-01,5,vs_sma50,0.04736690008403522
2026-05-01,5,vs_sma20,0.052165244156972546
2026-05-01,5,rule5,0.005822506135359357
2026-05-01,5,rule5_mom20,0.027989014837620656
2026-05-01,10,mom20,0.13497871752752724
2026-05-01,10,vol_ratio,0.0071064229518555955
2026-05-01,10,squeeze,-0.08097288302714813
2026-05-01,10,composite,0.021337389156842388
2026-05-01,10,mom5,0.026553702906454982
2026-05-01,10,mom60_skip5,0.13499968878972057
2026-05-01,10,mom60_riskadj,0.13607637615008408
2026-05-01,10,vol_5_50,0.06107098220362724
2026-05-01,10,squeeze_own,-0.09236765630205605
2026-05-01,10,low_vol,-0.06292275951008484
2026-05-01,10,near_high,0.08854781942445278
2026-05-01,10,vs_sma50,0.09871286225024704
2026-05-01,10,vs_sma20,0.10515202357973713
2026-05-01,10,rule5,0.009512496466990202
2026-05-01,10,rule5_mom20,0.03944257947805714
2026-05-01,20,mom20,0.12919387122737905
2026-05-01,20,vol_ratio,-0.030363257230160045
2026-05-01,20,squeeze,-0.20583382264662192
2026-05-01,20,composite,-0.03473983797121875
2026-05-01,20,mom5,-0.01606163861591822
2026-05-01,20,mom60_skip5,0.0017298971337172343
2026-05-01,20,mom60_riskadj,0.017381825935503876
2026-05-01,20,vol_5_50,0.07002031478270943
2026-05-01,20,squeeze_own,-0.10629379406866886
2026-05-01,20,low_vol,-0.18874593802723003
2026-05-01,20,near_high,-0.019183767611307766
2026-05-01,20,vs_sma50,0.06103032357969113
2026-05-01,20,vs_sma20,0.07692906460140157
2026-05-01,20,rule5,-0.0810172230705474
2026-05-01,20,rule5_mom20,-0.037577607471731944
2026-05-08,5,mom20,0.0009343749625917349
2026-05-08,5,vol_ratio,-0.016392629911686607
2026-05-08,5,squeeze,0.016868248405764192
2026-05-08,5,composite,-0.007928323012292049
2026-05-08,5,mom5,-0.051165452783383844
2026-05-08,5,mom60_skip5,0.1057809677627092
2026-05-08,5,mom60_riskadj,0.11018083804825791
2026-05-08,5,vol_5_50,-0.042162374041140385
2026-05-08,5,squeeze_own,0.015637087281450125
2026-05-08,5,low_vol,0.02302130938889561
2026-05-08,5,near_high,0.08711716648746035
2026-05-08,5,vs_sma50,0.044224036752964026
2026-05-08,5,vs_sma20,0.027647925384210195
2026-05-08,5,rule5,0.02575578889376152
2026-05-08,5,rule5_mom20,0.025403525756919648
2026-05-08,10,mom20,0.01117781440347401
2026-05-08,10,vol_ratio,0.07260562299636461
2026-05-08,10,squeeze,-0.01833456495667128
2026-05-08,10,composite,0.026715287454572096
2026-05-08,10,mom5,-0.018124251779686153
2026-05-08,10,mom60_skip5,0.07579064531769628
2026-05-08,10,mom60_riskadj,0.08031394306508326
2026-05-08,10,vol_5_50,0.09423087974102753
2026-05-08,10,squeeze_own,-0.042481489903353
2026-05-08,10,low_vol,-0.0072866901731923304
2026-05-08,10,near_high,0.0905282630845096
2026-05-08,10,vs_sma50,0.04127291868650502
2026-05-08,10,vs_sma20,0.015841532717034548
2026-05-08,10,rule5,0.05975545063273493
2026-05-08,10,rule5_mom20,0.059863728622455974
2026-05-08,20,mom20,0.017378423018882164
2026-05-08,20,vol_ratio,0.055820523144946746
2026-05-08,20,squeeze,0.016208341513917018
2026-05-08,20,composite,0.05111169772237143
2026-05-08,20,mom5,-0.0016361282709399922
2026-05-08,20,mom60_skip5,0.02730900192340207
2026-05-08,20,mom60_riskadj,0.0449430691639022
2026-05-08,20,vol_5_50,0.09273095156900368
2026-05-08,20,squeeze_own,-0.004168937384581435
2026-05-08,20,low_vol,0.010508994091355488
2026-05-08,20,near_high,0.11094894793026076
2026-05-08,20,vs_sma50,0.039458503239777225
2026-05-08,20,vs_sma20,0.03788097692126414
2026-05-08,20,rule5,0.08655822163918457
2026-05-08,20,rule5_mom20,0.08727275527648459
2026-05-15,5,mom20,-0.021007618374557616
2026-05-15,5,vol_ratio,-0.0047401214352622385
2026-05-15,5,squeeze,-0.05083844106183488
2026-05-15,5,composite,-0.05974665853339671
2026-05-15,5,mom5,-0.08172184727722447
2026-05-15,5,mom60_skip5,0.008236555093663516
2026-05-15,5,mom60_riskadj,-0.008051536521214897
2026-05-15,5,vol_5_50,0.09263775030723805
2026-05-15,5,squeeze_own,-0.08639378441500858
2026-05-15,5,low_vol,-0.03805536979800984
2026-05-15,5,near_high,-0.030245389264399163
2026-05-15,5,vs_sma50,-0.023548913094820916
2026-05-15,5,vs_sma20,-0.05056982667227602
2026-05-15,5,rule5,-0.0366534774610153
2026-05-15,5,rule5_mom20,-0.03697093757762657
2026-05-15,10,mom20,-0.012107443734520034
2026-05-15,10,vol_ratio,-0.012892775790346872
2026-05-15,10,squeeze,-0.08243427275804165
2026-05-15,10,composite,-0.07210114593323008
2026-05-15,10,mom5,-0.14959254837751662
2026-05-15,10,mom60_skip5,0.03123723133204331
2026-05-15,10,mom60_riskadj,0.022109276590851906
2026-05-15,10,vol_5_50,0.11537390736711961
2026-05-15,10,squeeze_own,-0.04612508354816847
2026-05-15,10,low_vol,-0.09732535663108176
2026-05-15,10,near_high,-0.034789081910180084
2026-05-15,10,vs_sma50,0.012163242109249524
2026-05-15,10,vs_sma20,-0.03407845494129374
2026-05-15,10,rule5,-0.045191094754088744
2026-05-15,10,rule5_mom20,-0.03910654060064421
2026-05-15,20,mom20,0.001233800617774759
2026-05-15,20,vol_ratio,0.018601054771706767
2026-05-15,20,squeeze,-0.008626855884877676
2026-05-15,20,composite,-0.006414647536016829
2026-05-15,20,mom5,-0.06489532951170227
2026-05-15,20,mom60_skip5,-0.023043910572811733
2026-05-15,20,mom60_riskadj,-0.019036053210187483
2026-05-15,20,vol_5_50,0.07932787051730095
2026-05-15,20,squeeze_own,-0.04435240736714057
2026-05-15,20,low_vol,0.016818461950248928
2026-05-15,20,near_high,0.031199905112970647
2026-05-15,20,vs_sma50,0.01702891006792059
2026-05-15,20,vs_sma20,0.00020920779928123345
2026-05-15,20,rule5,0.039246083847468465
2026-05-15,20,rule5_mom20,0.03648444126320887
2026-05-22,5,mom20,0.06373533544636588
2026-05-22,5,vol_ratio,0.08278059372030132
2026-05-22,5,squeeze,-0.08569158174013035
2026-05-22,5,composite,0.02822725060161179
2026-05-22,5,mom5,0.06246975263089441
2026-05-22,5,mom60_skip5,0.05565637539594405
2026-05-22,5,mom60_riskadj,0.05307904812671349
2026-05-22,5,vol_5_50,0.029008827609518822
2026-05-22,5,squeeze_own,-0.024002764991383662
2026-05-22,5,low_vol,-0.12005851952693045
2026-05-22,5,near_high,-0.0004063071262704384
2026-05-22,5,vs_sma50,0.08488809442525334
2026-05-22,5,vs_sma20,0.03462885598551147
2026-05-22,5,rule5,-0.005852980587910796
2026-05-22,5,rule5_mom20,0.0056987709572994686
2026-05-22,10,mom20,0.10090388349742396
2026-05-22,10,vol_ratio,-0.01796891863668261
2026-05-22,10,squeeze,-0.004516008769189457
2026-05-22,10,composite,0.0546275016018747
2026-05-22,10,mom5,0.005903517259007698
2026-05-22,10,mom60_skip5,0.08634873757123879
2026-05-22,10,mom60_riskadj,0.07413122628869655
2026-05-22,10,vol_5_50,-0.01567852406917218
2026-05-22,10,squeeze_own,-0.005088102637264057
2026-05-22,10,low_vol,-0.0017504562400045452
2026-05-22,10,near_high,0.11017561471751613
2026-05-22,10,vs_sma50,0.13192191965558497
2026-05-22,10,vs_sma20,0.06910551654686489
2026-05-22,10,rule5,0.06193424298638923
2026-05-22,10,rule5_mom20,0.07480446218973645
2026-05-22,20,mom20,0.08043804895440439
2026-05-22,20,vol_ratio,-0.049506998999562554
2026-05-22,20,squeeze,-0.009293030787908734
2026-05-22,20,composite,0.01491946863358197
2026-05-22,20,mom5,0.06536884911417909
2026-05-22,20,mom60_skip5,0.036956347474366096
2026-05-22,20,mom60_riskadj,0.037234842455756034
2026-05-22,20,vol_5_50,0.006767349254233028
2026-05-22,20,squeeze_own,-0.025632499735031462
2026-05-22,20,low_vol,0.0050876719560888975
2026-05-22,20,near_high,0.09199977202753902
2026-05-22,20,vs_sma50,0.09132219247765405
2026-05-22,20,vs_sma20,0.05097904436761008
2026-05-22,20,rule5,0.03987626862502529
2026-05-22,20,rule5_mom20,0.05089014074751469
2026-05-29,5,mom20,-0.044067696055217855
2026-05-29,5,vol_ratio,0.10752037091462457
2026-05-29,5,squeeze,0.13480728688641716
2026-05-29,5,composite,0.08842241694007044
2026-05-29,5,mom5,-0.047763863299402264
2026-05-29,5,mom60_skip5,0.06840214462475361
2026-05-29,5,mom60_riskadj,0.0705596363471892
2026-05-29,5,vol_5_50,-0.020790765037494528
2026-05-29,5,squeeze_own,0.004052106480472898
2026-05-29,5,low_vol,0.1786318013515204
2026-05-29,5,near_high,0.16282642463890507
2026-05-29,5,vs_sma50,0.020094693589863034
2026-05-29,5,vs_sma20,-0.018298334724167337
2026-05-29,5,rule5,0.14874880675152258
2026-05-29,5,rule5_mom20,0.12087979820661368
2026-05-29,10,mom20,0.008344984626893448
2026-05-29,10,vol_ratio,0.045377401991019604
2026-05-29,10,squeeze,0.10760707374252619
2026-05-29,10,composite,0.07987337302984644
2026-05-29,10,mom5,-0.047107520888591325
2026-05-29,10,mom60_skip5,0.07587845372172555
2026-05-29,10,mom60_riskadj,0.07978535195541193
2026-05-29,10,vol_5_50,-0.031167433617844235
2026-05-29,10,squeeze_own,0.015228342330625722
2026-05-29,10,low_vol,0.1322171962882876
2026-05-29,10,near_high,0.16135193623434474
2026-05-29,10,vs_sma50,0.04850547690430822
2026-05-29,10,vs_sma20,-0.01347715840547055
2026-05-29,10,rule5,0.12783791451474477
2026-05-29,10,rule5_mom20,0.11122414339962851
2026-05-29,20,mom20,0.029604889254646074
2026-05-29,20,vol_ratio,0.06854492452437266
2026-05-29,20,squeeze,0.06791814084692488
2026-05-29,20,composite,0.08753643791482223
2026-05-29,20,mom5,0.05279931258703633
2026-05-29,20,mom60_skip5,0.013159306786358306
2026-05-29,20,mom60_riskadj,0.02712949055939707
2026-05-29,20,vol_5_50,-0.019375521246204005
2026-05-29,20,squeeze_own,0.005280168686418787
2026-05-29,20,low_vol,0.08838610188435418
2026-05-29,20,near_high,0.11721999876932697
2026-05-29,20,vs_sma50,0.043009018546323705
2026-05-29,20,vs_sma20,0.05781781195032076
2026-05-29,20,rule5,0.09942527185209862
2026-05-29,20,rule5_mom20,0.09362127229608776
2026-06-05,5,mom20,-0.0035736295693840577
2026-06-05,5,vol_ratio,-0.038607112660140955
2026-06-05,5,squeeze,0.060707427086591915
2026-06-05,5,composite,0.01504812571028032
2026-06-05,5,mom5,0.08420632572409281
2026-06-05,5,mom60_skip5,0.04491867245594538
2026-06-05,5,mom60_riskadj,0.0500090039219754
2026-06-05,5,vol_5_50,2.1712165104276423e-05
2026-06-05,5,squeeze_own,0.04090904027263278
2026-06-05,5,low_vol,0.0636869869641522
2026-06-05,5,near_high,0.08431341912874445
2026-06-05,5,vs_sma50,0.027759280155745268
2026-06-05,5,vs_sma20,0.016614934282455585
2026-06-05,5,rule5,0.061207303941054954
2026-06-05,5,rule5_mom20,0.052898316233032434
2026-06-05,10,mom20,0.009007594584422152
2026-06-05,10,vol_ratio,0.029228229134973693
2026-06-05,10,squeeze,-0.018737782537078182
2026-06-05,10,composite,0.0033765196554307302
2026-06-05,10,mom5,0.005083645928853441
2026-06-05,10,mom60_skip5,0.08655449191571918
2026-06-05,10,mom60_riskadj,0.08746854509789369
2026-06-05,10,vol_5_50,0.033430898287892585
2026-06-05,10,squeeze_own,0.017441304451602475
2026-06-05,10,low_vol,-0.044625999420472115
2026-06-05,10,near_high,-0.009564893980506634
2026-06-05,10,vs_sma50,0.028857243383101222
2026-06-05,10,vs_sma20,-0.04633454416096278
2026-06-05,10,rule5,-0.0021722952905980464
2026-06-05,10,rule5_mom20,-0.0053040119762596755
2026-06-05,20,mom20,-0.0302915876901503
2026-06-05,20,vol_ratio,-0.009707795396217838
2026-06-05,20,squeeze,0.12379934447932768
2026-06-05,20,composite,0.016795136994325714
2026-06-05,20,mom5,0.10173502296542816
2026-06-05,20,mom60_skip5,-0.0456639423237893
2026-06-05,20,mom60_riskadj,-0.03566790844048578
2026-06-05,20,vol_5_50,0.03810286706199883
2026-06-05,20,squeeze_own,0.019579555246787537
2026-06-05,20,low_vol,0.15464536374977297
2026-06-05,20,near_high,0.0795830914401254
2026-06-05,20,vs_sma50,-0.00011402926787353707
2026-06-05,20,vs_sma20,0.10033043117868817
2026-06-05,20,rule5,0.09204635905912568
2026-06-05,20,rule5_mom20,0.06555468700694539
2026-06-12,5,mom20,0.01159683771883733
2026-06-12,5,vol_ratio,-0.025530247011462934
2026-06-12,5,squeeze,-0.07428271068169805
2026-06-12,5,composite,-0.043159275036871995
2026-06-12,5,mom5,0.03283434842489584
2026-06-12,5,mom60_skip5,0.08496219229030998
2026-06-12,5,mom60_riskadj,0.0828484875788871
2026-06-12,5,vol_5_50,-0.025490046121494376
2026-06-12,5,squeeze_own,0.0009144226198034714
2026-06-12,5,low_vol,-0.12534181916442652
2026-06-12,5,near_high,-0.08164096423624677
2026-06-12,5,vs_sma50,0.05516518973890702
2026-06-12,5,vs_sma20,-0.0437698336054985
2026-06-12,5,rule5,-0.07749816061497279
2026-06-12,5,rule5_mom20,-0.07057136981014167
2026-06-12,10,mom20,0.1496824331479209
2026-06-12,10,vol_ratio,0.07023148288993718
2026-06-12,10,squeeze,0.04930728713820739
2026-06-12,10,composite,0.158286349637936
2026-06-12,10,mom5,0.14508669551654374
2026-06-12,10,mom60_skip5,0.06601971915516998
2026-06-12,10,mom60_riskadj,0.07049441481011202
2026-06-12,10,vol_5_50,-0.004428243805305692
2026-06-12,10,squeeze_own,0.03296871296223573
2026-06-12,10,low_vol,0.04645253692132176
2026-06-12,10,near_high,0.06536781928584051
2026-06-12,10,vs_sma50,0.11342573326745943
2026-06-12,10,vs_sma20,0.13008099562840725
2026-06-12,10,rule5,0.08154988172998455
2026-06-12,10,rule5_mom20,0.10562788443842212
2026-06-12,20,mom20,0.17757609425471602
2026-06-12,20,vol_ratio,0.10283884144938128
2026-06-12,20,squeeze,0.21674287679226542
2026-06-12,20,composite,0.257358596584194
2026-06-12,20,mom5,0.1923721061306271
2026-06-12,20,mom60_skip5,-0.0010367874876860866
2026-06-12,20,mom60_riskadj,0.011836158209341797
2026-06-12,20,vol_5_50,0.05249819903639547
2026-06-12,20,squeeze_own,0.08090042344424418
2026-06-12,20,low_vol,0.21730860035853275
2026-06-12,20,near_high,0.16609210502821922
2026-06-12,20,vs_sma50,0.10365614507924131
2026-06-12,20,vs_sma20,0.21197413080730362
2026-06-12,20,rule5,0.21929159885936006
2026-06-12,20,rule5_mom20,0.2318987427711548
2026-06-18,5,mom20,0.10053518968612761
2026-06-18,5,vol_ratio,0.20122427354596062
2026-06-18,5,squeeze,0.24352664589118464
2026-06-18,5,composite,0.26200972120208765
2026-06-18,5,mom5,-0.023465191161779166
2026-06-18,5,mom60_skip5,-0.018933767958956783
2026-06-18,5,mom60_riskadj,0.005263276225980635
2026-06-18,5,vol_5_50,0.14420345195354875
2026-06-18,5,squeeze_own,0.09524558894437443
2026-06-18,5,low_vol,0.26809166017073477
2026-06-18,5,near_high,0.20563479766946083
2026-06-18,5,vs_sma50,0.06127371183885059
2026-06-18,5,vs_sma20,0.18720323990688442
2026-06-18,5,rule5,0.2811531204079181
2026-06-18,5,rule5_mom20,0.27427439905740414
2026-06-18,10,mom20,0.033620956704356414
2026-06-18,10,vol_ratio,0.1891407934006669
2026-06-18,10,squeeze,0.17714313009182886
2026-06-18,10,composite,0.17798520813223415
2026-06-18,10,mom5,-0.027298301096449047
2026-06-18,10,mom60_skip5,-0.10439768791959035
2026-06-18,10,mom60_riskadj,-0.08095350596992489
2026-06-18,10,vol_5_50,0.11645323960262804
2026-06-18,10,squeeze_own,0.0544152788125761
2026-06-18,10,low_vol,0.20306961526781217
2026-06-18,10,near_high,0.11299955634584236
2026-06-18,10,vs_sma50,-0.028205800979244005
2026-06-18,10,vs_sma20,0.10167089313054815
2026-06-18,10,rule5,0.18571887421938396
2026-06-18,10,rule5_mom20,0.17477522768433293
2026-06-18,20,mom20,0.04822486748765125
2026-06-18,20,vol_ratio,0.24712826452866443
2026-06-18,20,squeeze,0.32704116993711324
2026-06-18,20,composite,0.2722207511390368
2026-06-18,20,mom5,-0.09541337039190655
2026-06-18,20,mom60_skip5,-0.09413343110719699
2026-06-18,20,mom60_riskadj,-0.06770049898235345
2026-06-18,20,vol_5_50,0.13552205679219037
2026-06-18,20,squeeze_own,0.11377707245543472
2026-06-18,20,low_vol,0.35922996273310825
2026-06-18,20,near_high,0.18635211807438148
2026-06-18,20,vs_sma50,-0.011737077159661907
2026-06-18,20,vs_sma20,0.09764459386638304
2026-06-18,20,rule5,0.2973566792607084
2026-06-18,20,rule5_mom20,0.2729166825053144
2026-06-26,5,mom20,-0.028352786575262932
2026-06-26,5,vol_ratio,0.08380973072500073
2026-06-26,5,squeeze,0.012360207647466415
2026-06-26,5,composite,0.019549194787349813
2026-06-26,5,mom5,0.13254974861084912
2026-06-26,5,mom60_skip5,-0.15879793547242788
2026-06-26,5,mom60_riskadj,-0.1413444497048702
2026-06-26,5,vol_5_50,0.04087450390164647
2026-06-26,5,squeeze_own,-0.03539002452002896
2026-06-26,5,low_vol,0.03281093931658763
2026-06-26,5,near_high,0.009892927030230184
2026-06-26,5,vs_sma50,-0.054790833093600805
2026-06-26,5,vs_sma20,0.06278134726564477
2026-06-26,5,rule5,0.02153263929386266
2026-06-26,5,rule5_mom20,0.0130416304339208
2026-06-26,10,mom20,0.0825145751184983
2026-06-26,10,vol_ratio,0.16013700874355943
2026-06-26,10,squeeze,0.19986637850808497
2026-06-26,10,composite,0.18214983263449794
2026-06-26,10,mom5,0.28148005538579307
2026-06-26,10,mom60_skip5,-0.18786476831632828
2026-06-26,10,mom60_riskadj,-0.1701796845883393
2026-06-26,10,vol_5_50,0.11652253298888078
2026-06-26,10,squeeze_own,0.006591615280310177
2026-06-26,10,low_vol,0.23210796336499714
2026-06-26,10,near_high,0.15021815699505284
2026-06-26,10,vs_sma50,0.03888782925366442
2026-06-26,10,vs_sma20,0.15193027966124525
2026-06-26,10,rule5,0.19760980840478415
2026-06-26,10,rule5_mom20,0.1892407011175795
2026-06-26,20,mom20,0.17030748421137396
2026-06-26,20,vol_ratio,0.215733042798113
2026-06-26,20,squeeze,0.2987023591620739
2026-06-26,20,composite,0.28868591601489557
2026-06-26,20,mom5,0.3323941493964305
2026-06-26,20,mom60_skip5,-0.2126128007441484
2026-06-26,20,mom60_riskadj,-0.1745839149979797
2026-06-26,20,vol_5_50,0.184178234315891
2026-06-26,20,squeeze_own,0.012167711445456676
2026-06-26,20,low_vol,0.34881303618388265
2026-06-26,20,near_high,0.25828446657223314
2026-06-26,20,vs_sma50,0.07848909221605652
2026-06-26,20,vs_sma20,0.23155638279564597
2026-06-26,20,rule5,0.30414874001933934
2026-06-26,20,rule5_mom20,0.29976021978016126
2026-07-02,5,mom20,0.031241909727117895
2026-07-02,5,vol_ratio,0.013363396352784147
2026-07-02,5,squeeze,0.0816739429733181
2026-07-02,5,composite,0.06930571213318325
2026-07-02,5,mom5,-0.043421186567016226
2026-07-02,5,mom60_skip5,-0.002524425082966136
2026-07-02,5,mom60_riskadj,-0.0010303584388769423
2026-07-02,5,vol_5_50,0.015554273809549348
2026-07-02,5,squeeze_own,-0.03973857385103465
2026-07-02,5,low_vol,0.15284119032923701
2026-07-02,5,near_high,0.07214160762449197
2026-07-02,5,vs_sma50,0.04500340729887549
2026-07-02,5,vs_sma20,-0.02637393688639621
2026-07-02,5,rule5,0.10164626966926069
2026-07-02,5,rule5_mom20,0.09335090413175844
2026-07-02,10,mom20,0.20966914832649558
2026-07-02,10,vol_ratio,0.05757869575751088
2026-07-02,10,squeeze,0.24894616780903528
2026-07-02,10,composite,0.2641207364603067
2026-07-02,10,mom5,0.0499671163965311
2026-07-02,10,mom60_skip5,-0.06687668317887593
2026-07-02,10,mom60_riskadj,-0.0445323204060814
2026-07-02,10,vol_5_50,0.13974213749149164
2026-07-02,10,squeeze_own,-0.060110699214940666
2026-07-02,10,low_vol,0.3685513244978016
2026-07-02,10,near_high,0.2768273288068963
2026-07-02,10,vs_sma50,0.1523234822782981
2026-07-02,10,vs_sma20,0.16108061848016564
2026-07-02,10,rule5,0.3091915277621701
2026-07-02,10,rule5_mom20,0.3089099524857684
2026-07-02,20,mom20,0.16833190843373672
2026-07-02,20,vol_ratio,0.0863651982489069
2026-07-02,20,squeeze,0.23502420753103412
2026-07-02,20,composite,0.23457904201401863
2026-07-02,20,mom5,0.04839926586323631
2026-07-02,20,mom60_skip5,-0.13309319047769694
2026-07-02,20,mom60_riskadj,-0.11153527049531443
2026-07-02,20,vol_5_50,0.15721130627956476
2026-07-02,20,squeeze_own,-0.05700256232019729
2026-07-02,20,low_vol,0.33753457716485213
2026-07-02,20,near_high,0.2134219779338615
2026-07-02,20,vs_sma50,0.09089172955686273
2026-07-02,20,vs_sma20,0.11796482902557939
2026-07-02,20,rule5,0.26216351191784504
2026-07-02,20,rule5_mom20,0.25794536806146956
2026-07-10,5,mom20,0.2186277710137658
2026-07-10,5,vol_ratio,0.06259367455675764
2026-07-10,5,squeeze,0.2717505033195706
2026-07-10,5,composite,0.27243118592174936
2026-07-10,5,mom5,0.21875563657010427
2026-07-10,5,mom60_skip5,-0.031345828742054264
2026-07-10,5,mom60_riskadj,0.000310426726917936
2026-07-10,5,vol_5_50,0.1314198591811299
2026-07-10,5,squeeze_own,-0.02637492606790942
2026-07-10,5,low_vol,0.344263479202258
2026-07-10,5,near_high,0.3426968198038561
2026-07-10,5,vs_sma50,0.2157860434550724
2026-07-10,5,vs_sma20,0.2973102643002169
2026-07-10,5,rule5,0.34463001365596757
2026-07-10,5,rule5_mom20,0.34178432179402984
2026-07-10,10,mom20,0.11573466469883024
2026-07-10,10,vol_ratio,0.10406890101505362
2026-07-10,10,squeeze,0.29526911108914256
2026-07-10,10,composite,0.23449506646124021
2026-07-10,10,mom5,0.24103535983430052
2026-07-10,10,mom60_skip5,-0.08464539277774834
2026-07-10,10,mom60_riskadj,-0.07341040330863072
2026-07-10,10,vol_5_50,0.1693342720347675
2026-07-10,10,squeeze_own,-0.026184541943794947
2026-07-10,10,low_vol,0.3445964579727372
2026-07-10,10,near_high,0.29715487450094397
2026-07-10,10,vs_sma50,0.13093211036779615
2026-07-10,10,vs_sma20,0.22369671259576193
2026-07-10,10,rule5,0.32329251740968007
2026-07-10,10,rule5_mom20,0.3039434277093662
2026-07-10,20,mom20,0.02701923138744356
2026-07-10,20,vol_ratio,0.06162426526206915
2026-07-10,20,squeeze,0.14715562883297875
2026-07-10,20,composite,0.09705294195210973
2026-07-10,20,mom5,0.06716340215225125
2026-07-10,20,mom60_skip5,-0.03761819623841911
2026-07-10,20,mom60_riskadj,-0.04310326702587058
2026-07-10,20,vol_5_50,0.07989660958233527
2026-07-10,20,squeeze_own,0.008564042187583476
2026-07-10,20,low_vol,0.15892425353920628
2026-07-10,20,near_high,0.10783920436238438
2026-07-10,20,vs_sma50,0.03761988228469252
2026-07-10,20,vs_sma20,0.09027199268586468
2026-07-10,20,rule5,0.13216981542046685
2026-07-10,20,rule5_mom20,0.12128175732177379
2026-07-17,5,mom20,-0.0045517202873860034
2026-07-17,5,vol_ratio,0.1142690205942195
2026-07-17,5,squeeze,0.2172303185507056
2026-07-17,5,composite,0.13836582328577798
2026-07-17,5,mom5,0.016585324835714673
2026-07-17,5,mom60_skip5,-0.11867363914380587
2026-07-17,5,mom60_riskadj,-0.11358635383405696
2026-07-17,5,vol_5_50,0.007202551020684392
2026-07-17,5,squeeze_own,0.09181011564476373
2026-07-17,5,low_vol,0.21013884644929381
2026-07-17,5,near_high,0.09467528526725005
2026-07-17,5,vs_sma50,-0.022241333019439088
2026-07-17,5,vs_sma20,0.04712000666226876
2026-07-17,5,rule5,0.1484399442763509
2026-07-17,5,rule5_mom20,0.12510604220768418
2026-07-17,10,mom20,0.06406461589757612
2026-07-17,10,vol_ratio,0.10083321367942867
2026-07-17,10,squeeze,0.18534004814947036
2026-07-17,10,composite,0.15243382043399042
2026-07-17,10,mom5,0.01827773452378261
2026-07-17,10,mom60_skip5,-0.09428510679356274
2026-07-17,10,mom60_riskadj,-0.10259240419668295
2026-07-17,10,vol_5_50,0.00907824397905912
2026-07-17,10,squeeze_own,0.07124963097024128
2026-07-17,10,low_vol,0.1900995461977718
2026-07-17,10,near_high,0.09468621137980034
2026-07-17,10,vs_sma50,0.004564479570286647
2026-07-17,10,vs_sma20,0.0796313763107714
2026-07-17,10,rule5,0.1383081829163988
2026-07-17,10,rule5_mom20,0.12942974219940648
2026-07-17,20,mom20,-0.08944640717520129
2026-07-17,20,vol_ratio,0.10106628810693148
2026-07-17,20,squeeze,0.00691635139739452
2026-07-17,20,composite,-0.014085902573954173
2026-07-17,20,mom5,-0.08547304667414238
2026-07-17,20,mom60_skip5,-0.06340982561225622
2026-07-17,20,mom60_riskadj,-0.07750382348179613
2026-07-17,20,vol_5_50,-0.0019449377096348414
2026-07-17,20,squeeze_own,0.02783096179690358
2026-07-17,20,low_vol,0.004233423539564833
2026-07-17,20,near_high,-0.092190749644157
2026-07-17,20,vs_sma50,-0.12185524728910042
2026-07-17,20,vs_sma20,-0.10321555016514855
2026-07-17,20,rule5,-0.03240814554323164
2026-07-17,20,rule5_mom20,-0.05028495994723704
2026-07-24,5,mom20,0.09031189620885496
2026-07-24,5,vol_ratio,0.06223798438025103
2026-07-24,5,squeeze,0.0694270386272749
2026-07-24,5,composite,0.08281804953310665
2026-07-24,5,mom5,-0.019659739261441423
2026-07-24,5,mom60_skip5,-0.034823684454776446
2026-07-24,5,mom60_riskadj,-0.02052985355477205
2026-07-24,5,vol_5_50,0.02998271102510804
2026-07-24,5,squeeze_own,0.05730203838595667
2026-07-24,5,low_vol,0.061994790020303954
2026-07-24,5,near_high,0.07768463794912636
2026-07-24,5,vs_sma50,0.07109455500267926
2026-07-24,5,vs_sma20,0.07776128158225196
2026-07-24,5,rule5,0.06158382729702177
2026-07-24,5,rule5_mom20,0.07258807770961885
2026-07-24,10,mom20,-0.07765046618659006
2026-07-24,10,vol_ratio,0.05348379202469345
2026-07-24,10,squeeze,-0.10736037704154779
2026-07-24,10,composite,-0.0861866437731998
2026-07-24,10,mom5,-0.04580764374954228
2026-07-24,10,mom60_skip5,-0.035058443650877895
2026-07-24,10,mom60_riskadj,-0.025873785292723685
2026-07-24,10,vol_5_50,-0.03370808444237548
2026-07-24,10,squeeze_own,0.002684087524975586
2026-07-24,10,low_vol,-0.09829980385283232
2026-07-24,10,near_high,-0.1188595448960756
2026-07-24,10,vs_sma50,-0.06935340395109064
2026-07-24,10,vs_sma20,-0.1024899770549197
2026-07-24,10,rule5,-0.10965911112494406
2026-07-24,10,rule5_mom20,-0.10955511679699322
2026-07-24,20,mom20,-0.010645830021563354
2026-07-24,20,vol_ratio,0.017367669745836967
2026-07-24,20,squeeze,-0.02350016248741919
2026-07-24,20,composite,-0.026466132399856304
2026-07-24,20,mom5,-0.012396193981469709
2026-07-24,20,mom60_skip5,-0.0452128679213814
2026-07-24,20,mom60_riskadj,-0.037434060474851726
2026-07-24,20,vol_5_50,0.005738343024334818
2026-07-24,20,squeeze_own,0.02394854503674225
2026-07-24,20,low_vol,-0.013571284622198539
2026-07-24,20,near_high,-0.04453345780504612
2026-07-24,20,vs_sma50,-0.011896528157364184
2026-07-24,20,vs_sma20,-0.02823238684914872
2026-07-24,20,rule5,-0.03974036437419145
2026-07-24,20,rule5_mom20,-0.034532815109774524
2026-07-31,5,mom20,-0.19492726321491052
2026-07-31,5,vol_ratio,-0.04191936419614242
2026-07-31,5,squeeze,-0.19324407188528092
2026-07-31,5,composite,-0.2078279681160331
2026-07-31,5,mom5,-0.09400819699261163
2026-07-31,5,mom60_skip5,-0.06395052661306762
2026-07-31,5,mom60_riskadj,-0.04454799086840458
2026-07-31,5,vol_5_50,-0.07368573575847491
2026-07-31,5,squeeze_own,-0.016726358385188284
2026-07-31,5,low_vol,-0.16249749300162283
2026-07-31,5,near_high,-0.23141282504286279
2026-07-31,5,vs_sma50,-0.17081016919652117
2026-07-31,5,vs_sma20,-0.13410528693609544
2026-07-31,5,rule5,-0.22201782234579606
2026-07-31,5,rule5_mom20,-0.22616481070504785
2026-07-31,10,mom20,-0.19293658435276873
2026-07-31,10,vol_ratio,-0.00791559123306303
2026-07-31,10,squeeze,-0.18933214477991872
2026-07-31,10,composite,-0.19751463165362745
2026-07-31,10,mom5,-0.11373840203781671
2026-07-31,10,mom60_skip5,-0.08060219166228037
2026-07-31,10,mom60_riskadj,-0.05699173079158903
2026-07-31,10,vol_5_50,-0.01484815864243811
2026-07-31,10,squeeze_own,-0.03926171736980411
2026-07-31,10,low_vol,-0.15991984931454234
2026-07-31,10,near_high,-0.23891288527855883
2026-07-31,10,vs_sma50,-0.1920718588261054
2026-07-31,10,vs_sma20,-0.16356800760499562
2026-07-31,10,rule5,-0.2127540223006442
2026-07-31,10,rule5_mom20,-0.22111405915403587
2026-07-31,20,mom20,-0.09018065698466181
2026-07-31,20,vol_ratio,-0.007041478790381824
2026-07-31,20,squeeze,-0.07077077956264063
2026-07-31,20,composite,-0.08751554636476422
2026-07-31,20,mom5,-0.12980192493933454
2026-07-31,20,mom60_skip5,-0.04364512020140587
2026-07-31,20,mom60_riskadj,-0.04661015433699737
2026-07-31,20,vol_5_50,-0.018939727934928877
2026-07-31,20,squeeze_own,-0.029125371869938195
2026-07-31,20,low_vol,-0.011195275948630247
2026-07-31,20,near_high,-0.08324509254294044
2026-07-31,20,vs_sma50,-0.04573988055781051
2026-07-31,20,vs_sma20,-0.10137929845595495
2026-07-31,20,rule5,-0.06958230021681999
2026-07-31,20,rule5_mom20,-0.07558144774981736
2026-08-07,5,mom20,0.019245487377843425
2026-08-07,5,vol_ratio,-0.05743040098884808
2026-08-07,5,squeeze,0.02527153493361197
2026-08-07,5,composite,-0.0051484330447573055
2026-08-07,5,mom5,0.07724051136042873
2026-08-07,5,mom60_skip5,-0.05357399043677963
2026-08-07,5,mom60_riskadj,-0.0922420429265477
2026-08-07,5,vol_5_50,-0.0333467856490979
2026-08-07,5,squeeze_own,0.025847296006850956
2026-08-07,5,low_vol,0.039380792342958645
2026-08-07,5,near_high,-0.012220397604303986
2026-08-07,5,vs_sma50,-0.020478320832349416
2026-08-07,5,vs_sma20,0.031143654467188257
2026-08-07,5,rule5,-0.01413043526231607
2026-08-07,5,rule5_mom20,-0.012037410100439619
2026-08-07,10,mom20,0.06512243098216765
2026-08-07,10,vol_ratio,-0.03809438471508493
2026-08-07,10,squeeze,0.14975785980358997
2026-08-07,10,composite,0.08568729048292102
2026-08-07,10,mom5,0.05233684535730132
2026-08-07,10,mom60_skip5,0.014489917398357479
2026-08-07,10,mom60_riskadj,-0.03678582291363983
2026-08-07,10,vol_5_50,-0.07725453550514863
2026-08-07,10,squeeze_own,0.08168286746923882
2026-08-07,10,low_vol,0.14562695712266868
2026-08-07,10,near_high,0.08381806425844786
2026-08-07,10,vs_sma50,0.08810746720065013
2026-08-07,10,vs_sma20,0.04753176427851417
2026-08-07,10,rule5,0.08571928282817302
2026-08-07,10,rule5_mom20,0.08932733485369045
2026-08-07,20,mom20,0.04246958093789564
2026-08-07,20,vol_ratio,-0.033018382245144404
2026-08-07,20,squeeze,0.1473799917281207
2026-08-07,20,composite,0.0647880852926624
2026-08-07,20,mom5,0.050389658103997675
2026-08-07,20,mom60_skip5,0.01801089783571706
2026-08-07,20,mom60_riskadj,-0.04903020368040726
2026-08-07,20,vol_5_50,-0.06247544956896848
2026-08-07,20,squeeze_own,0.06404921420232237
2026-08-07,20,low_vol,0.14639586415541786
2026-08-07,20,near_high,0.0750713529157285
2026-08-07,20,vs_sma50,0.07828928705370415
2026-08-07,20,vs_sma20,0.032369633068577285
2026-08-07,20,rule5,0.07987111170292178
2026-08-07,20,rule5_mom20,0.0785893837483607
2026-08-14,5,mom20,0.07328352976881755
2026-08-14,5,vol_ratio,0.018867152136544812
2026-08-14,5,squeeze,0.1303590129689795
2026-08-14,5,composite,0.1051922206212726
2026-08-14,5,mom5,-0.09908763877648542
2026-08-14,5,mom60_skip5,0.07706907023828229
2026-08-14,5,mom60_riskadj,0.07210840299427722
2026-08-14,5,vol_5_50,-0.012292878647240935
2026-08-14,5,squeeze_own,0.050938530059617876
2026-08-14,5,low_vol,0.1601014054583873
2026-08-14,5,near_high,0.11910444561337684
2026-08-14,5,vs_sma50,0.13924848395940942
2026-08-14,5,vs_sma20,0.04463467371530147
2026-08-14,5,rule5,0.1451642849296848
2026-08-14,5,rule5_mom20,0.14250745948786828
2026-08-14,10,mom20,0.03371971198552552
2026-08-14,10,vol_ratio,0.015540106635655082
2026-08-14,10,squeeze,0.11677947680399593
2026-08-14,10,composite,0.07459399667604696
2026-08-14,10,mom5,-0.08280686907468764
2026-08-14,10,mom60_skip5,0.11624656292905668
2026-08-14,10,mom60_riskadj,0.10960701812895098
2026-08-14,10,vol_5_50,0.005770224952616595
2026-08-14,10,squeeze_own,0.0005538344091161945
2026-08-14,10,low_vol,0.15539797143782969
2026-08-14,10,near_high,0.1508703122741742
2026-08-14,10,vs_sma50,0.15817590332618436
2026-08-14,10,vs_sma20,0.02093753315474907
2026-08-14,10,rule5,0.1641839161797786
2026-08-14,10,rule5_mom20,0.1536407153325478
2026-08-14,20,mom20,0.02329671035012644
2026-08-14,20,vol_ratio,0.04264681004708225
2026-08-14,20,squeeze,0.1134955797666815
2026-08-14,20,composite,0.07847390608311251
2026-08-14,20,mom5,-0.028574425819774447
2026-08-14,20,mom60_skip5,0.07435063925682642
2026-08-14,20,mom60_riskadj,0.0784569316346283
2026-08-14,20,vol_5_50,0.06961851906687297
2026-08-14,20,squeeze_own,-0.018665756117698645
2026-08-14,20,low_vol,0.13693803330414117
2026-08-14,20,near_high,0.17022412668341677
2026-08-14,20,vs_sma50,0.13796392358682308
2026-08-14,20,vs_sma20,0.01680855665734946
2026-08-14,20,rule5,0.1813291762571612
2026-08-14,20,rule5_mom20,0.16932839201368194
2026-08-21,5,mom20,-0.021648456797430337
2026-08-21,5,vol_ratio,0.01148305626681445
2026-08-21,5,squeeze,0.10814697615382224
2026-08-21,5,composite,0.046871524575794785
2026-08-21,5,mom5,0.15366342276497832
2026-08-21,5,mom60_skip5,0.15992600635040802
2026-08-21,5,mom60_riskadj,0.15313188637088088
2026-08-21,5,vol_5_50,-0.01704695955809985
2026-08-21,5,squeeze_own,-0.0011597981524703281
2026-08-21,5,low_vol,0.1324243832965615
2026-08-21,5,near_high,0.16904974436779624
2026-08-21,5,vs_sma50,0.10420062823256748
2026-08-21,5,vs_sma20,0.03216751202290804
2026-08-21,5,rule5,0.1392437440243795
2026-08-21,5,rule5_mom20,0.12419070902611011
2026-08-21,10,mom20,0.026377560781288414
2026-08-21,10,vol_ratio,0.0688058498907564
2026-08-21,10,squeeze,0.0803893064088849
2026-08-21,10,composite,0.08112926257977135
2026-08-21,10,mom5,0.10330945081858185
2026-08-21,10,mom60_skip5,0.08217281247557671
2026-08-21,10,mom60_riskadj,0.06838868351039688
2026-08-21,10,vol_5_50,0.0591060771908981
2026-08-21,10,squeeze_own,0.0004666564307680542
2026-08-21,10,low_vol,0.09255538535433994
2026-08-21,10,near_high,0.12564006375312928
2026-08-21,10,vs_sma50,0.09002125032795819
2026-08-21,10,vs_sma20,0.06707508477952827
2026-08-21,10,rule5,0.13107320656059368
2026-08-21,10,rule5_mom20,0.12525388425638126
2026-08-28,5,mom20,0.05361099457617894
2026-08-28,5,vol_ratio,0.059312610695804874
2026-08-28,5,squeeze,0.012346662263597236
2026-08-28,5,composite,0.053466372058830196
2026-08-28,5,mom5,0.04180361486844436
2026-08-28,5,mom60_skip5,0.0010403062763014504
2026-08-28,5,mom60_riskadj,-0.008612817436695114
2026-08-28,5,vol_5_50,0.030178593350482376
2026-08-28,5,squeeze_own,-0.016422621774568193
2026-08-28,5,low_vol,0.027224967813215997
2026-08-28,5,near_high,0.03946424644756843
2026-08-28,5,vs_sma50,0.060762701096135005
2026-08-28,5,vs_sma20,0.06548730278734133
2026-08-28,5,rule5,0.045945135641246374
2026-08-28,5,rule5_mom20,0.054018130283913585
2026-08-28,10,mom20,-0.024455799642113866
2026-08-28,10,vol_ratio,-0.0005580967985570112
2026-08-28,10,squeeze,0.054267300318218296
2026-08-28,10,composite,-0.008889131743192986
2026-08-28,10,mom5,0.02888321953801719
2026-08-28,10,mom60_skip5,0.06460083626878424
2026-08-28,10,mom60_riskadj,0.07152289523206154
2026-08-28,10,vol_5_50,0.04694069777263904
2026-08-28,10,squeeze_own,-0.04976591299511711
2026-08-28,10,low_vol,0.09734775239733336
2026-08-28,10,near_high,0.09639322542206342
2026-08-28,10,vs_sma50,0.053292267511027336
2026-08-28,10,vs_sma20,0.0531406120198957
2026-08-28,10,rule5,0.0847800595699379
2026-08-28,10,rule5_mom20,0.07057914544737487
2026-09-04,5,mom20,0.024160712714847897
2026-09-04,5,vol_ratio,-0.00976968168999736
2026-09-04,5,squeeze,0.08407746361364904
2026-09-04,5,composite,0.042572158364308416
2026-09-04,5,mom5,-0.027919672263488852
2026-09-04,5,mom60_skip5,0.04443740271977355
2026-09-04,5,mom60_riskadj,0.05607368713356498
2026-09-04,5,vol_5_50,0.03406343787433272
2026-09-04,5,squeeze_own,0.00970759977792821
2026-09-04,5,low_vol,0.12275204912942338
2026-09-04,5,near_high,0.07395163707571523
2026-09-04,5,vs_sma50,0.008611075773375085
2026-09-04,5,vs_sma20,0.03530109502031984
2026-09-04,5,rule5,0.08450533233683263
2026-09-04,5,rule5_mom20,0.07328110975090754
