scenario,final,total_return,cagr,max_drawdown,sharpe_like,trades,stop_exits,win_rate,avg_hold,pct_time_invested
"A1 live rules, stop NEVER raised",13225.219403693689,0.3225219403693689,0.026484467136806744,-0.07490723303352975,0.6268539886675878,43,13,0.5813953488372093,46.093023255813954,
"A2 live rules, raise once only",10114.615586445514,0.01146155864455145,0.0010662426595038355,-0.12209650366722025,0.04994911320814828,87,63,0.27586206896551724,29.448275862068964,
"A3 live rules, raise once in profit",10817.158150008152,0.08171581500081526,0.007372110030417378,-0.041471345495908696,0.2952718670148266,41,35,0.6097560975609756,27.75609756097561,
"A4 live rules, raise mechanically",9758.223229633708,-0.024177677036629208,-0.0022860170647988065,-0.09783588061763027,-0.07405619094479059,59,58,0.3559322033898305,16.610169491525422,
"B1 no regime, stop never raised",11545.642246239773,0.15456422462397734,0.013530249942861117,-0.26202601210101206,0.245113048462942,86,43,0.43023255813953487,40.18604651162791,
"C1 no regime/profile, never raised",11404.094539412792,0.14040945394127924,0.012361814084287381,-0.22196356002119433,0.1885967545754982,179,63,0.4860335195530726,45.88826815642458,
"C2 no regime/profile, raise in profit",6722.1998656531205,-0.327780013434688,-0.03645812053604469,-0.37332033906732165,-0.4537818642256686,306,290,0.43790849673202614,21.31699346405229,
"C3 no regime/profile, mechanical",7156.539009217661,-0.2843460990782338,-0.030800271576817195,-0.3402000620427663,-0.4629672542892733,286,282,0.36713286713286714,16.3986013986014,
A  live rules (regime + profile + stops),9758.223229633708,-0.024177677036629208,-0.0022860170647988065,-0.09783588061763027,-0.07405619094479059,59,58,0.3559322033898305,16.610169491525422,
B  drop regime filter,9956.806194429413,-0.004319380557058716,-0.00040469812736598776,-0.15886444037820469,0.00010118279952819199,66,65,0.3939393939393939,16.742424242424242,
C  drop profile too,7156.539009217661,-0.2843460990782338,-0.030800271576817195,-0.3402000620427663,-0.4629672542892733,286,282,0.36713286713286714,16.3986013986014,
"D  C, but NO stops (60-session blind hold)",11911.42063468922,0.19114206346892204,0.016490563970835925,-0.07143361928954828,0.5459519662840446,134,0,0.5895522388059702,60.0,
"E  live rules, NO stops",10902.858743823941,0.090285874382394,0.008115752319866054,-0.032360802482487294,0.6283103612860927,71,0,0.6619718309859155,60.0,
F  C1 with 8 positions,13705.233047530834,0.37052330475308337,0.029912306230531982,-0.19036935404324684,0.33090422715007767,316,130,0.4525316455696203,43.86392405063291,
G  C1 with 3 positions,10405.151576600007,0.04051515766000069,0.003720741252685622,-0.15564969205027335,0.09112149050747986,70,23,0.45714285714285713,48.08571428571429,
"H  C1, 40-session hold",19837.933467308354,0.9837933467308353,0.06615141229291055,-0.22096967401360146,0.6365337711527963,269,77,0.5241635687732342,32.59851301115241,
"I  C1, zero slippage",13112.325356991782,0.3112325356991781,0.02566191258116346,-0.18268028801043046,0.33245181192066275,184,68,0.4782608695652174,44.73913043478261,
"J  C1, 50bps slippage",10538.84259792662,0.05388425979266187,0.004919712505981,-0.245287688591603,0.10051949422735633,180,65,0.45555555555555555,44.94444444444444,
C at $700,1233.088768525321,0.7615553836076014,0.05437174553566537,-0.1655767318377338,0.6244027563539467,171,60,0.49707602339181284,46.23391812865497,
"C at $10,000",11404.094539412792,0.14040945394127924,0.012361814084287381,-0.22196356002119433,0.1885967545754982,179,63,0.4860335195530726,45.88826815642458,
"C at $100,000",120217.57646066695,0.20217576460666953,0.017367367904480346,-0.20452321545796637,0.24077020748145012,182,67,0.46703296703296704,44.714285714285715,
