date,n_univ,n_group,mm,dd,univ_med
2018-10-12,102,2,,,-1.6611213800967473
2018-10-19,104,3,3.181656708250549,7.850381939971207,-1.768284055242253
2018-10-26,104,4,3.9731326076839495,1.753303611294832,1.2393243811162136
2018-11-02,102,4,3.3404066367737846,3.962051034693803,-0.07151297058859973
2018-12-07,102,7,-1.862466533599264,-1.1690501984091328,-1.7046475658246851
2018-12-21,106,4,-11.170420790979646,-11.824843991571488,12.705769963111324
2018-12-28,104,5,-8.411203609114516,-9.420296042609602,10.51794933541378
2019-01-04,101,3,-6.630505303871976,-8.295905000108217,9.398186314958302
2020-03-13,108,1,,,0.16666666666546034
2020-03-20,106,0,,,20.266874914833252
2020-03-27,101,0,,,10.986232087935877
2020-04-03,104,1,,,19.325152793615644
2020-09-11,100,2,,,4.296612036388636
2021-03-26,114,3,-0.3746410961933444,-0.5425823829741327,3.5582285667070224
2021-05-14,122,5,-8.182023746150067,-5.621984970115956,3.793353831262136
2021-05-21,110,2,,,1.12412344010826
2021-07-09,125,2,,,-2.318548387096775
2021-07-16,128,4,6.132737991380596,3.5646043220413977,1.3861179963640669
2021-07-23,122,4,8.22349076934337,5.870635959179099,-1.4579198736153598
2021-07-30,126,8,-1.7541106137584797,-1.143760396392146,1.4396085114963042
2021-08-06,112,3,0.7624516780647363,-2.452281939320078,0.7551052301350447
2021-08-13,101,3,-3.7126712084370546,-1.6635077592567993,-0.2706970448905887
2021-08-20,112,2,,,-1.4206738501980176
2021-11-26,115,3,3.1620014349108594,-0.07327588704464372,1.8862391191330152
2021-12-03,130,10,0.012799920150956545,-1.290596485793083,4.120862334419728
2021-12-10,120,9,4.66734229587765,5.384787843795514,-0.23146586741625846
2021-12-17,125,12,4.677422621707751,3.183049903688273,-1.1453859169595182
2021-12-31,110,1,,,-7.918848861146921
2022-01-07,118,7,-0.2073504596558342,-0.4263332408238396,-6.381518514836626
2022-01-14,102,7,-0.7684550200420954,0.6799258920979829,-5.808953116938682
2022-01-21,124,8,-0.8162242090119423,0.4587183976137221,-0.2104681692192522
2022-01-28,123,9,-1.3677996918723858,1.019097304381078,2.326714581440159
2022-02-04,124,7,4.17459152613754,4.45559469108739,-4.336699501769676
2022-02-11,121,7,6.273321896241637,4.001508946977251,-4.3251335424256965
2022-02-18,108,6,-3.24493212398202,-5.810652409303202,1.8250843422186191
2022-03-04,112,9,-5.453816708728186,-0.4749906789221048,2.786732496242139
2022-03-11,113,6,-2.859835318714726,-3.2356786828632633,3.6270491803278793
2022-04-22,118,1,,,-6.651860029087603
2022-04-29,120,1,,,3.1431582520938917
2022-05-06,116,2,,,3.6947227495922164
2022-05-13,118,5,-0.18420192997387286,-1.0130005213570774,-3.88676473274685
2022-05-20,115,3,1.5221135664720737,4.201470450508782,-4.240095402199717
2022-06-17,112,1,,,6.603558742820015
2022-06-24,102,6,-2.8766818325681673,-1.2142080614172879,2.6384456796441857
2022-07-01,112,2,,,7.910793375221115
2022-07-08,112,1,,,7.961737736824537
2022-07-15,100,0,,,13.429471069981968
2022-09-02,105,2,,,-6.810284920083387
2022-09-16,115,11,2.903568547372519,1.9955732544261862,-6.3257463789063495
2022-09-23,114,3,0.009906138378993568,-1.2828395725493102,2.1535404870727914
2022-09-30,114,0,,,10.273903051680833
2022-10-07,115,2,,,6.301229508117578
2022-10-14,111,3,-5.421031997352782,-4.564524363306855,12.613355317063558
2022-12-16,113,12,-5.0592340854226965,-3.527314597275666,4.908548977472327
2022-12-23,113,1,,,8.371288643772079
2022-12-30,117,0,,,9.17431192666649
2023-01-06,113,2,,,6.049149338374282
2023-03-10,111,3,1.4494112531560317,1.2816683395411754,0.1405019312556321
2023-03-17,114,5,1.1789195226990627,2.489518384984235,3.8386066150911446
2023-03-24,114,5,0.36751430124014783,1.0322033281450644,2.7662266540294578
2023-03-31,115,3,-1.5832656586485525,-4.43381237686935,-1.1641443538998764
2023-04-14,103,0,,,-1.8018018018017832
2023-04-28,102,3,-6.241760926470248,-4.688698158926213,-2.0969349395052514
2023-05-05,103,4,-5.317834334269744,-5.968878332298688,1.8094668090104404
2023-08-18,107,2,,,-1.776000394215671
2023-08-25,114,0,,,-3.6748820888407585
2023-09-01,107,1,,,-7.210000969066799
2023-09-08,111,4,2.062657588209312,0.6396631822890018,-3.80884780647992
2023-09-15,111,9,6.057816357843493,2.2401607585320393,-5.467108899944728
2023-09-22,111,5,4.360325143683683,5.644780887422007,-5.150037535396434
2023-09-29,111,3,9.949944831080176,8.687614096977924,-6.995884773662564
2023-10-06,109,2,,,2.059877175053537
2023-10-13,110,1,,,-0.47514270377720935
2023-10-20,112,1,,,6.63407959646467
2023-10-27,112,1,,,7.599046032538648
2023-11-10,101,3,1.5910526189967413,-0.0809437241315436,7.444168734506906
2024-04-12,101,1,,,3.328666977832473
2024-04-19,109,3,-5.320138863371147,-6.116862945495827,7.768469154163937
2024-04-26,109,3,-5.42828799002353,-5.158322374700985,3.33682875039667
2024-05-03,105,5,-2.067656455238076,1.7197003531977062,0.9344556152974804
2024-06-14,111,2,,,7.5675639264093375
2024-06-21,111,6,4.700926532367692,6.173116530843936,5.21739130434784
2024-06-28,107,5,-8.161717930258321,-2.9568266594999226,5.937672874899036
2024-07-05,106,3,0.5444548116157717,-2.32287399517932,2.5456447821073036
2024-08-09,108,8,1.0075905740755315,0.9819348921587978,1.7895574612365905
2024-12-20,106,6,2.2259607970677413,4.411636116011698,4.226448248981097
2024-12-27,107,2,,,3.9260969976905313
2025-01-03,110,1,,,2.352045016849169
2025-01-10,108,3,0.6355835125241818,-4.298435893270525,4.686805789386339
2025-01-17,100,4,1.2064848473772791,2.207427525476402,1.6684921422786658
2025-02-07,100,8,5.3261487118658675,7.18321044450878,-9.144601544046509
2025-02-21,115,3,3.772363413400064,3.1009206906606472,-5.647840531561455
2025-02-28,117,11,5.593529230554457,6.363718007056995,-5.505632198455901
2025-03-07,118,8,6.294209716666956,8.173351853001844,-10.448933647139437
2025-03-14,116,8,3.3410680921551865,3.794382541100644,-7.7934791174921525
2025-03-21,115,7,10.238680536025955,9.199581391084111,-8.800000000166397
2025-03-28,113,1,,,-2.096680256633221
2025-04-04,120,5,-8.743231753138533,-6.012000824247766,8.845078925271633
2025-04-11,118,7,-17.118760264101205,-16.31010693835743,11.933838729146352
2025-04-25,116,3,-7.965643315678912,-6.349400684843765,1.4267565216190436
2025-11-14,120,2,,,3.493143357119144
2025-11-21,125,6,-3.8917674748965045,-2.5681755705204923,5.020007275333649
2026-03-06,106,8,2.0693085837101646,1.4160208593210322,0.12742107889029955
2026-03-13,119,3,-3.3681908155796645,-0.7660229565994214,5.030303030303029
2026-03-20,120,6,-15.681987201915904,-9.222561407889186,12.338709820153383
2026-03-27,123,1,,,10.689655172538217
