metric,horizon,n_dates,effective_n,mean_pp,nw_t,nw_lags,lag_cap_bound,regime
Q1 RISK-OFF mean-vs-mean,5,45,45.0,0.5592120993209775,1.5795293107077655,1,False,RISK-OFF
Q1 RISK-OFF median-vs-median,5,45,45.0,0.5972870342794955,2.019816885005306,1,False,RISK-OFF
Q1 RISK-OFF mean-vs-mean,10,45,22.5,0.134282822117781,0.2246522406684579,2,False,RISK-OFF
Q1 RISK-OFF median-vs-median,10,45,22.5,0.10877082335190279,0.20626431299745623,2,False,RISK-OFF
Q1 RISK-OFF mean-vs-mean,20,45,11.2,-0.22707519408438834,-0.21506470145067252,4,False,RISK-OFF
Q1 RISK-OFF median-vs-median,20,45,11.2,0.3180285921929946,0.31185456155866537,4,False,RISK-OFF
Q1 RISK-OFF mean-vs-mean,40,45,5.6,-1.1012431056260321,-0.6228906646783702,8,False,RISK-OFF
Q1 RISK-OFF median-vs-median,40,45,5.6,-0.5467932488606982,-0.3321814894648269,8,False,RISK-OFF
Q1 RISK-OFF mean-vs-mean,60,45,3.8,-0.6681530018823006,-0.24083312124038983,9,True,RISK-OFF
Q1 RISK-OFF median-vs-median,60,45,3.8,0.6416857111850603,0.2614311172488946,9,True,RISK-OFF
Q1 RISK-ON mean-vs-mean,5,30,30.0,-0.02819283364357224,-0.06455506349463358,1,False,RISK-ON
Q1 RISK-ON median-vs-median,5,30,30.0,0.024217626571417423,0.06874382648716691,1,False,RISK-ON
Q1 RISK-ON mean-vs-mean,10,30,15.0,0.7258738613801492,1.2709368596856299,2,False,RISK-ON
Q1 RISK-ON median-vs-median,10,30,15.0,0.5961554140630233,0.9874351929056675,2,False,RISK-ON
Q1 RISK-ON mean-vs-mean,20,30,7.5,0.8035871006323182,1.3122415488194503,4,False,RISK-ON
Q1 RISK-ON median-vs-median,20,30,7.5,0.6546842597040338,0.9278215504785721,4,False,RISK-ON
Q1 RISK-ON mean-vs-mean,40,30,3.8,0.7038338548427128,0.5996354748878219,6,True,RISK-ON
Q1 RISK-ON median-vs-median,40,30,3.8,1.4401492463257406,1.9661596972117397,6,True,RISK-ON
Q1 RISK-ON mean-vs-mean,60,30,2.5,1.7787231477223044,1.1649493998377378,6,True,RISK-ON
Q1 RISK-ON median-vs-median,60,30,2.5,3.123932323454087,3.1438641720714906,6,True,RISK-ON
Q2 calm=0.5 mean_vs_mean,20,116,29.0,-0.05683041236775728,-0.0899456122724395,4,False,
Q2 paired 0.5-0.90 mean_vs_mean,20,45,11.2,0.3476956585204037,1.097330795771006,4,False,
Q2 calm=0.5 median_vs_median,20,116,29.0,0.02451406614141712,0.04154281260021977,4,False,
Q2 paired 0.5-0.90 median_vs_median,20,45,11.2,0.3299526026075842,1.0433835761523877,4,False,
Q2 calm=0.6 mean_vs_mean,20,107,26.8,0.1612803360066159,0.25299848148141846,4,False,
Q2 paired 0.6-0.90 mean_vs_mean,20,45,11.2,0.19747694708495622,0.562187217716544,4,False,
Q2 calm=0.6 median_vs_median,20,107,26.8,0.2050236763124523,0.31719203847032995,4,False,
Q2 paired 0.6-0.90 median_vs_median,20,45,11.2,0.23141221962842443,0.6250055723648289,4,False,
Q2 calm=0.75 mean_vs_mean,20,90,22.5,-0.42836609131739567,-0.6056454209431573,4,False,
Q2 paired 0.75-0.90 mean_vs_mean,20,45,11.2,-0.2388631721036764,-0.68122551133422,4,False,
Q2 calm=0.75 median_vs_median,20,90,22.5,-0.0659326315607237,-0.09756720539250233,4,False,
Q2 paired 0.75-0.90 median_vs_median,20,45,11.2,-0.07602849435958614,-0.24685641807472544,4,False,
Q2 calm=0.8 mean_vs_mean,20,85,21.2,-0.40855594904624465,-0.5481630271500939,4,False,
Q2 paired 0.8-0.90 mean_vs_mean,20,45,11.2,-0.33151470424572305,-1.2352238088077256,4,False,
Q2 calm=0.8 median_vs_median,20,85,21.2,-0.12568545515308113,-0.1817978809397358,4,False,
Q2 paired 0.8-0.90 median_vs_median,20,45,11.2,0.027539518280949662,0.10303685257309644,4,False,
Q2 calm=0.9 mean_vs_mean,20,45,11.2,-0.22707519408438834,-0.21506470145067252,4,False,
Q2 paired 0.9-0.90 mean_vs_mean,20,45,11.2,0.0,,4,False,
Q2 calm=0.9 median_vs_median,20,45,11.2,0.3180285921929946,0.31185456155866537,4,False,
Q2 paired 0.9-0.90 median_vs_median,20,45,11.2,0.0,,4,False,
Q3 three-minus-two mean-vs-mean,20,40,10.0,0.17177582872765834,1.3782505197171835,4,False,
Q3 three-minus-two median-vs-median,20,40,10.0,0.05925327147655629,0.483068546133123,4,False,
