ticker,exchange,assetType,priceCurrency,startDate,endDate,start,end,delisted,era,stratum,tranche
AARD,NASDAQ,Stock,USD,2025-02-13,2026-10-07,2025-02-13,2026-10-07,False,mid-span,mid-span/survived,1
ABOS,NASDAQ,Stock,USD,2021-07-01,2026-10-07,2021-07-01,2026-10-07,False,mid-span,mid-span/survived,1
ABUS,NASDAQ,Stock,USD,2015-08-03,2026-10-07,2015-08-03,2026-10-07,False,at-start,at-start/survived,1
ACGC,NASDAQ,Stock,USD,2026-05-28,2026-10-07,2026-05-28,2026-10-07,False,mid-span,mid-span/survived,1
ACH,NYSE,Stock,USD,1988-12-16,2026-10-07,1988-12-16,2026-10-07,False,at-start,at-start/survived,1
ACNT,NASDAQ,Stock,USD,1991-12-03,2026-10-07,1991-12-03,2026-10-07,False,at-start,at-start/survived,1
ACRV,NASDAQ,Stock,USD,2022-11-15,2026-10-07,2022-11-15,2026-10-07,False,mid-span,mid-span/survived,1
ACTT,NASDAQ,Stock,USD,2019-05-14,2020-06-24,2019-05-14,2020-06-24,True,mid-span,mid-span/delisted,1
ADXN,NASDAQ,Stock,USD,2020-01-29,2026-10-07,2020-01-29,2026-10-07,False,mid-span,mid-span/survived,1
AEAC,NASDAQ,Stock,USD,2021-03-08,2023-01-20,2021-03-08,2023-01-20,True,mid-span,mid-span/delisted,1
AEIS,NASDAQ,Stock,USD,1995-11-17,2026-10-07,1995-11-17,2026-10-07,False,at-start,at-start/survived,1
AERI,NASDAQ,Stock,USD,2013-10-25,2023-01-03,2013-10-25,2023-01-03,True,at-start,at-start/delisted,1
AFJK,NASDAQ,Stock,USD,2024-01-22,2026-10-07,2024-01-22,2026-10-07,False,mid-span,mid-span/survived,1
AGCB,NYSE,Stock,USD,2021-01-07,2022-12-20,2021-01-07,2022-12-20,True,mid-span,mid-span/delisted,1
AHD,NASDAQ,Stock,USD,2026-05-19,2026-10-07,2026-05-19,2026-10-07,False,mid-span,mid-span/survived,1
AIC,NYSE,Stock,USD,2015-03-20,2024-01-30,2015-03-20,2024-01-30,True,at-start,at-start/delisted,1
AIIO,NASDAQ,Stock,USD,2022-11-11,2026-10-07,2022-11-11,2026-10-07,False,mid-span,mid-span/survived,1
AIQ,NASDAQ,Stock,USD,2001-07-27,2017-08-31,2001-07-27,2017-08-31,True,at-start,at-start/delisted,1
AIRO,NASDAQ,Stock,USD,2025-06-13,2026-10-07,2025-06-13,2026-10-07,False,mid-span,mid-span/survived,1
ALAC,NASDAQ,Stock,USD,2018-11-21,2022-05-25,2018-11-21,2022-05-25,True,mid-span,mid-span/delisted,1
ALE,NYSE,Stock,USD,1973-05-03,2026-10-07,1973-05-03,2026-10-07,False,at-start,at-start/survived,1
ALEX,NYSE,Stock,USD,2012-06-14,2026-03-12,2012-06-14,2026-03-12,True,at-start,at-start/delisted,1
ALLPDCL,NYSE,Stock,USD,2014-02-18,2019-09-27,2014-02-18,2019-09-27,True,at-start,at-start/delisted,1
ALMU,NASDAQ,Stock,USD,2022-11-16,2026-10-07,2022-11-16,2026-10-07,False,mid-span,mid-span/survived,1
AMCX,NASDAQ,Stock,USD,2011-06-16,2026-10-07,2011-06-16,2026-10-07,False,at-start,at-start/survived,1
AMEH,NASDAQ,Stock,USD,2024-02-26,2024-02-26,2024-02-26,2024-02-26,True,mid-span,mid-span/delisted,1
AMSC,NASDAQ,Stock,USD,1991-12-12,2026-10-07,1991-12-12,2026-10-07,False,at-start,at-start/survived,1
AMWL,NYSE,Stock,USD,2020-09-17,2026-10-07,2020-09-17,2026-10-07,False,mid-span,mid-span/survived,1
ANCB,NASDAQ,Stock,USD,2011-01-26,2018-11-15,2011-01-26,2018-11-15,True,at-start,at-start/delisted,1
ANCX,NASDAQ,Stock,USD,2004-07-19,2019-01-31,2004-07-19,2019-01-31,True,at-start,at-start/delisted,1
ANDX,NYSE,Stock,USD,2011-04-20,2019-08-07,2011-04-20,2019-08-07,True,at-start,at-start/delisted,1
ANSS,NASDAQ,Stock,USD,1996-06-21,2026-10-07,1996-06-21,2026-10-07,False,at-start,at-start/survived,1
APAD,NYSE,Stock,USD,2025-08-27,2026-10-07,2025-08-27,2026-10-07,False,mid-span,mid-span/survived,1
APCA,NYSE,Stock,USD,2022-02-07,2024-06-21,2022-02-07,2024-06-21,True,mid-span,mid-span/delisted,1
APFH,NYSE,Stock,USD,2016-07-15,2017-06-08,2016-07-15,2017-06-08,True,mid-span,mid-span/delisted,1
ARIZ,NASDAQ,Stock,USD,2021-12-09,2024-02-29,2021-12-09,2024-02-29,True,mid-span,mid-span/delisted,1
ARKO,NASDAQ,Stock,USD,2017-11-17,2026-10-07,2017-11-17,2026-10-07,False,mid-span,mid-span/survived,1
ARLO,NYSE,Stock,USD,2018-08-03,2026-10-07,2018-08-03,2026-10-07,False,mid-span,mid-span/survived,1
AROC,NYSE,Stock,USD,2015-11-04,2026-10-07,2015-11-04,2026-10-07,False,at-start,at-start/survived,1
ARW,NYSE,Stock,USD,1984-07-19,2026-10-07,1984-07-19,2026-10-07,False,at-start,at-start/survived,1
ASAQ,NYSE,Stock,USD,2020-10-15,2022-10-05,2020-10-15,2022-10-05,True,mid-span,mid-span/delisted,1
ASTH,NASDAQ,Stock,USD,2011-02-23,2026-10-07,2011-02-23,2026-10-07,False,at-start,at-start/survived,1
ASX,NYSE,Stock,USD,2000-10-02,2026-10-07,2000-10-02,2026-10-07,False,at-start,at-start/survived,1
AVCT,NASDAQ,Stock,USD,2017-08-08,2023-05-31,2017-08-08,2023-05-31,True,mid-span,mid-span/delisted,1
AVPT,NASDAQ,Stock,USD,2019-11-05,2026-10-07,2019-11-05,2026-10-07,False,mid-span,mid-span/survived,1
AXICY,NYSE,Stock,USD,2026-08-07,2026-10-07,2026-08-07,2026-10-07,False,mid-span,mid-span/survived,1
AXLL,NYSE,Stock,USD,2013-01-25,2016-09-08,2013-01-25,2016-09-08,True,at-start,at-start/delisted,1
AXNX,NASDAQ,Stock,USD,2018-10-31,2024-11-15,2018-10-31,2024-11-15,True,mid-span,mid-span/delisted,1
BAER,NASDAQ,Stock,USD,2021-03-17,2026-10-07,2021-03-17,2026-10-07,False,mid-span,mid-span/survived,1
BAND,NASDAQ,Stock,USD,2017-11-10,2026-10-07,2017-11-10,2026-10-07,False,mid-span,mid-span/survived,1
BB,NYSE,Stock,USD,1999-02-04,2026-10-07,1999-02-04,2026-10-07,False,at-start,at-start/survived,1
BBHM,NYSE,Stock,USD,2025-11-17,2026-10-07,2025-11-17,2026-10-07,False,mid-span,mid-span/survived,1
BBLUQ,NASDAQ,Stock,USD,2016-01-04,2016-08-02,2016-01-04,2016-08-02,True,mid-span,mid-span/delisted,1
BBNX,NASDAQ,Stock,USD,2025-01-30,2026-10-07,2025-01-30,2026-10-07,False,mid-span,mid-span/survived,1
BC,NYSE,Stock,USD,1981-12-31,2026-10-07,1981-12-31,2026-10-07,False,at-start,at-start/survived,1
BCRH,NYSE,Stock,USD,2013-11-06,2020-03-30,2013-11-06,2020-03-30,True,at-start,at-start/delisted,1
BCSF,NYSE,Stock,USD,2018-11-15,2026-10-07,2018-11-15,2026-10-07,False,mid-span,mid-span/survived,1
BCYC,NASDAQ,Stock,USD,2019-05-23,2026-10-07,2019-05-23,2026-10-07,False,mid-span,mid-span/survived,1
BDXB,NYSE,Stock,USD,2020-05-21,2023-05-31,2020-05-21,2023-05-31,True,mid-span,mid-span/delisted,1
BEPI,NYSE,Stock,USD,2021-12-14,2026-10-07,2021-12-14,2026-10-07,False,mid-span,mid-span/survived,1
BERZ,NYSE,Stock,USD,2021-08-18,2026-10-07,2021-08-18,2026-10-07,False,mid-span,mid-span/survived,1
BESS,AMEX,Stock,USD,2011-02-22,2026-10-07,2011-02-22,2026-10-07,False,at-start,at-start/survived,1
BETA,NYSE,Stock,USD,2025-11-04,2026-10-07,2025-11-04,2026-10-07,False,mid-span,mid-span/survived,1
BFH,NYSE,Stock,USD,2001-06-15,2026-10-07,2001-06-15,2026-10-07,False,at-start,at-start/survived,1
BGLC,NASDAQ,Stock,USD,2020-09-16,2026-10-07,2020-09-16,2026-10-07,False,mid-span,mid-span/survived,1
BHE,NYSE,Stock,USD,1990-06-28,2026-10-07,1990-06-28,2026-10-07,False,at-start,at-start/survived,1
BJ,NYSE,Stock,USD,2018-06-28,2026-10-07,2018-06-28,2026-10-07,False,mid-span,mid-span/survived,1
BKDT,NYSE,Stock,USD,2022-11-17,2025-03-28,2022-11-17,2025-03-28,True,mid-span,mid-span/delisted,1
BLCT,NASDAQ,Stock,USD,2020-07-08,2022-09-08,2020-07-08,2022-09-08,True,mid-span,mid-span/delisted,1
BLD,NYSE,Stock,USD,2015-07-01,2026-07-01,2015-07-01,2026-07-01,True,at-start,at-start/delisted,1
BLDR,NYSE,Stock,USD,2005-06-28,2026-10-07,2005-06-28,2026-10-07,False,at-start,at-start/survived,1
BLNE,NASDAQ,Stock,USD,2018-01-04,2026-10-07,2018-01-04,2026-10-07,False,mid-span,mid-span/survived,1
BLOX,NYSE,Stock,USD,2012-04-19,2025-09-24,2012-04-19,2025-09-24,True,at-start,at-start/delisted,1
BLSM,NASDAQ,Stock,USD,2026-08-07,2026-10-07,2026-08-07,2026-10-07,False,mid-span,mid-span/survived,1
BLU,NASDAQ,Stock,USD,2008-12-29,2023-06-28,2008-12-29,2023-06-28,True,at-start,at-start/delisted,1
BLX,NYSE,Stock,USD,1992-09-24,2026-10-07,1992-09-24,2026-10-07,False,at-start,at-start/survived,1
BMEA,NASDAQ,Stock,USD,2021-04-16,2026-10-07,2021-04-16,2026-10-07,False,mid-span,mid-span/survived,1
BNCL,NASDAQ,Stock,USD,2007-07-16,2019-02-28,2007-07-16,2019-02-28,True,at-start,at-start/delisted,1
BNED,NYSE,Stock,USD,2015-08-03,2026-10-07,2015-08-03,2026-10-07,False,at-start,at-start/survived,1
BNNR,NASDAQ,Stock,USD,2021-10-29,2023-05-12,2021-10-29,2023-05-12,True,mid-span,mid-span/delisted,1
BNT,NYSE,Stock,USD,2021-06-28,2026-10-07,2021-06-28,2026-10-07,False,mid-span,mid-span/survived,1
BRC,NYSE,Stock,USD,1984-09-07,2026-10-07,1984-09-07,2026-10-07,False,at-start,at-start/survived,1
BROS,NYSE,Stock,USD,2021-09-15,2026-10-07,2021-09-15,2026-10-07,False,mid-span,mid-span/survived,1
BSX,NYSE,Stock,USD,1992-05-19,2026-10-07,1992-05-19,2026-10-07,False,at-start,at-start/survived,1
BSY,NASDAQ,Stock,USD,2020-09-23,2026-10-07,2020-09-23,2026-10-07,False,mid-span,mid-span/survived,1
BUSEP,NASDAQ,Stock,USD,2025-06-04,2026-10-07,2025-06-04,2026-10-07,False,mid-span,mid-span/survived,1
BVN,NYSE,Stock,USD,1996-05-15,2026-10-07,1996-05-15,2026-10-07,False,at-start,at-start/survived,1
BXC,NYSE,Stock,USD,2004-12-14,2026-10-07,2004-12-14,2026-10-07,False,at-start,at-start/survived,1
BYFC,NASDAQ,Stock,USD,1996-01-09,2026-10-07,1996-01-09,2026-10-07,False,at-start,at-start/survived,1
CAAP,NYSE,Stock,USD,2018-02-01,2026-10-07,2018-02-01,2026-10-07,False,mid-span,mid-span/survived,1
CAR,NASDAQ,Stock,USD,1990-01-12,2026-10-07,1990-01-12,2026-10-07,False,at-start,at-start/survived,1
CATO,NYSE,Stock,USD,1987-04-23,2026-10-07,1987-04-23,2026-10-07,False,at-start,at-start/survived,1
CAVA,NYSE,Stock,USD,2023-06-15,2026-10-07,2023-06-15,2026-10-07,False,mid-span,mid-span/survived,1
CBFV,NASDAQ,Stock,USD,2001-06-06,2026-10-07,2001-06-06,2026-10-07,False,at-start,at-start/survived,1
CBI,NYSE,Stock,USD,1997-03-27,2018-05-11,1997-03-27,2018-05-11,True,at-start,at-start/delisted,1
CBNK,NASDAQ,Stock,USD,2018-09-26,2026-10-07,2018-09-26,2026-10-07,False,mid-span,mid-span/survived,1
CBRL,NASDAQ,Stock,USD,1984-09-07,2026-10-07,1984-09-07,2026-10-07,False,at-start,at-start/survived,1
CCAQ,NASDAQ,Stock,USD,2025-06-12,2026-10-07,2025-06-12,2026-10-07,False,mid-span,mid-span/survived,1
CCCM,NASDAQ,Stock,USD,2025-06-09,2025-07-30,2025-06-09,2025-07-30,True,mid-span,mid-span/delisted,1
CGEM,NASDAQ,Stock,USD,2021-01-08,2026-10-07,2021-01-08,2026-10-07,False,mid-span,mid-span/survived,1
CHNGV,NASDAQ,Stock,USD,2020-03-06,2020-03-12,2020-03-06,2020-03-12,True,mid-span,mid-span/delisted,1
CHT,NYSE,Stock,USD,2003-10-09,2026-10-07,2003-10-09,2026-10-07,False,at-start,at-start/survived,1
CHWY,NYSE,Stock,USD,2019-06-14,2026-10-07,2019-06-14,2026-10-07,False,mid-span,mid-span/survived,1
CI,NYSE,Stock,USD,1982-03-31,2026-10-07,1982-03-31,2026-10-07,False,at-start,at-start/survived,1
CIMO,NYSE,Stock,USD,2024-08-22,2026-10-07,2024-08-22,2026-10-07,False,mid-span,mid-span/survived,1
CLBH,NASDAQ,Stock,USD,2001-01-02,2017-03-13,2001-01-02,2017-03-13,True,at-start,at-start/delisted,1
CLDB,NASDAQ,Stock,USD,2001-01-02,2021-11-01,2001-01-02,2021-11-01,True,at-start,at-start/delisted,1
CLIR,NASDAQ,Stock,USD,2012-04-25,2026-10-07,2012-04-25,2026-10-07,False,at-start,at-start/survived,1
CLW,NYSE,Stock,USD,2008-12-05,2026-10-07,2008-12-05,2026-10-07,False,at-start,at-start/survived,1
CMSC,NYSE,Stock,USD,2018-10-01,2026-10-07,2018-10-01,2026-10-07,False,mid-span,mid-span/survived,1
CMTA,NASDAQ,Stock,USD,2017-08-02,2019-04-17,2017-08-02,2019-04-17,True,mid-span,mid-span/delisted,1
COF,NYSE,Stock,USD,1994-11-16,2026-10-07,1994-11-16,2026-10-07,False,at-start,at-start/survived,1
COHN,AMEX,Stock,USD,2004-05-06,2026-10-07,2004-05-06,2026-10-07,False,at-start,at-start/survived,1
CRDA,NYSE,Stock,USD,2001-08-16,2018-11-05,2001-08-16,2018-11-05,True,at-start,at-start/delisted,1
CRML,NASDAQ,Stock,USD,2024-02-27,2026-10-07,2024-02-27,2026-10-07,False,mid-span,mid-span/survived,1
CRNX,NASDAQ,Stock,USD,2018-07-18,2026-09-01,2018-07-18,2026-09-01,False,mid-span,mid-span/survived,1
CRWD,NASDAQ,Stock,USD,2019-06-12,2026-10-07,2019-06-12,2026-10-07,False,mid-span,mid-span/survived,1
CSBK,NASDAQ,Stock,USD,2004-05-11,2018-04-02,2004-05-11,2018-04-02,True,at-start,at-start/delisted,1
CSCO,NASDAQ,Stock,USD,1990-03-26,2026-10-07,1990-03-26,2026-10-07,False,at-start,at-start/survived,1
CTEST-F,NYSE,Stock,USD,2019-07-25,2019-08-07,2019-07-25,2019-08-07,True,mid-span,mid-span/delisted,1
CTEST-K,NYSE,Stock,USD,2019-07-25,2019-08-07,2019-07-25,2019-08-07,True,mid-span,mid-span/delisted,1
CTEST-S,NYSE,Stock,USD,2019-07-25,2019-08-07,2019-07-25,2019-08-07,True,mid-span,mid-span/delisted,1
CTWS,NASDAQ,Stock,USD,1992-02-25,2019-10-09,1992-02-25,2019-10-09,True,at-start,at-start/delisted,1
CXAI,NASDAQ,Stock,USD,2021-02-04,2026-10-07,2021-02-04,2026-10-07,False,mid-span,mid-span/survived,1
CXO,NYSE,Stock,USD,2007-08-03,2021-01-15,2007-08-03,2021-01-15,True,at-start,at-start/delisted,1
CXP,NYSE,Stock,USD,2013-10-10,2021-12-07,2013-10-10,2021-12-07,True,at-start,at-start/delisted,1
CYCC,NASDAQ,Stock,USD,2026-02-06,2026-06-29,2026-02-06,2026-06-29,True,mid-span,mid-span/delisted,1
CYCU,NASDAQ,Stock,USD,2025-02-18,2026-10-07,2025-02-18,2026-10-07,False,mid-span,mid-span/survived,1
DAIC,NASDAQ,Stock,USD,2025-06-23,2026-10-07,2025-06-23,2026-10-07,False,mid-span,mid-span/survived,1
DALS,NASDAQ,Stock,USD,2021-07-28,2023-07-28,2021-07-28,2023-07-28,True,mid-span,mid-span/delisted,1
DAVE,NASDAQ,Stock,USD,2021-04-26,2026-10-07,2021-04-26,2026-10-07,False,mid-span,mid-span/survived,1
DCP,NYSE,Stock,USD,2005-12-06,2023-06-20,2005-12-06,2023-06-20,True,at-start,at-start/delisted,1
DCUD,NYSE,Stock,USD,2016-08-10,2019-08-14,2016-08-10,2019-08-14,True,mid-span,mid-span/delisted,1
DDT,NYSE,Stock,USD,1998-10-14,2026-10-07,1998-10-14,2026-10-07,False,at-start,at-start/survived,1
DFTX,NASDAQ,Stock,USD,2022-07-11,2026-10-07,2022-07-11,2026-10-07,False,mid-span,mid-span/survived,1
DHR-WD,NYSE,Stock,USD,2019-12-16,2019-12-18,2019-12-16,2019-12-18,True,mid-span,mid-span/delisted,1
DISCK,NASDAQ,Stock,USD,2008-09-18,2022-09-16,2008-09-18,2022-09-16,True,at-start,at-start/delisted,1
DLO,NASDAQ,Stock,USD,2021-06-03,2026-10-07,2021-06-03,2026-10-07,False,mid-span,mid-span/survived,1
DMII,NASDAQ,Stock,USD,2025-12-03,2026-10-07,2025-12-03,2026-10-07,False,mid-span,mid-span/survived,1
DNTH,NASDAQ,Stock,USD,2023-09-12,2026-10-07,2023-09-12,2026-10-07,False,mid-span,mid-span/survived,1
DOCS,NYSE,Stock,USD,2021-06-24,2026-10-07,2021-06-24,2026-10-07,False,mid-span,mid-span/survived,1
DPU,NASDAQ,Stock,USD,2023-04-18,2026-10-07,2023-04-18,2026-10-07,False,mid-span,mid-span/survived,1
DRIO,NASDAQ,Stock,USD,2014-10-06,2026-10-07,2014-10-06,2026-10-07,False,at-start,at-start/survived,1
DRK,NASDAQ,Stock,USD,2008-06-24,2026-10-07,2008-06-24,2026-10-07,False,at-start,at-start/survived,1
DSGN,NASDAQ,Stock,USD,2021-03-26,2026-10-07,2021-03-26,2026-10-07,False,mid-span,mid-span/survived,1
DT,NYSE,Stock,USD,2019-08-01,2026-10-07,2019-08-01,2026-10-07,False,mid-span,mid-span/survived,1
DTE,NYSE,Stock,USD,1970-01-02,2026-10-07,1970-01-02,2026-10-07,False,at-start,at-start/survived,1
EBMT,NASDAQ,Stock,USD,2000-04-06,2026-10-07,2000-04-06,2026-10-07,False,at-start,at-start/survived,1
ECAT,NYSE,Stock,USD,2021-09-28,2026-10-07,2021-09-28,2026-10-07,False,mid-span,mid-span/survived,1
ECCA-CL,NYSE,Stock,USD,2019-12-20,2020-01-30,2019-12-20,2020-01-30,True,mid-span,mid-span/delisted,1
ECX,NASDAQ,Stock,USD,2022-12-20,2026-10-07,2022-12-20,2026-10-07,False,mid-span,mid-span/survived,1
EHTH,NASDAQ,Stock,USD,2006-10-20,2026-10-07,2006-10-20,2026-10-07,False,at-start,at-start/survived,1
ELJ,NYSE,Stock,USD,2012-07-06,2020-12-18,2012-07-06,2020-12-18,True,at-start,at-start/delisted,1
ELNK,NASDAQ,Stock,USD,2001-01-02,2017-03-08,2001-01-02,2017-03-08,True,at-start,at-start/delisted,1
ELVN,NASDAQ,Stock,USD,2020-03-12,2026-10-07,2020-03-12,2026-10-07,False,mid-span,mid-span/survived,1
EM,NASDAQ,Stock,USD,2021-04-01,2026-04-30,2021-04-01,2026-04-30,True,mid-span,mid-span/delisted,1
EMCI,NASDAQ,Stock,USD,1990-03-26,2019-09-19,1990-03-26,2019-09-19,True,at-start,at-start/delisted,1
ENCP,NASDAQ,Stock,USD,2022-01-10,2026-05-28,2022-01-10,2026-05-28,True,mid-span,mid-span/delisted,1
ENH,NYSE,Stock,USD,2003-02-28,2017-04-05,2003-02-28,2017-04-05,True,at-start,at-start/delisted,1
EOG,NYSE,Stock,USD,1989-10-04,2026-10-07,1989-10-04,2026-10-07,False,at-start,at-start/survived,1
EPAY,NASDAQ,Stock,USD,1999-02-12,2022-09-16,1999-02-12,2022-09-16,True,at-start,at-start/delisted,1
EPSN,NASDAQ,Stock,USD,2016-01-04,2026-10-07,2016-01-04,2026-10-07,False,mid-span,mid-span/survived,1
EQIX,NASDAQ,Stock,USD,2000-08-11,2026-10-07,2000-08-11,2026-10-07,False,at-start,at-start/survived,1
ERIE,NASDAQ,Stock,USD,1995-10-02,2026-10-07,1995-10-02,2026-10-07,False,at-start,at-start/survived,1
ESM,NYSE,Stock,USD,2021-04-30,2023-03-09,2021-04-30,2023-03-09,True,mid-span,mid-span/delisted,1
EVOX,NASDAQ,Stock,USD,2025-12-03,2026-10-07,2025-12-03,2026-10-07,False,mid-span,mid-span/survived,1
EVR,NYSE,Stock,USD,2006-08-14,2026-10-07,2006-08-14,2026-10-07,False,at-start,at-start/survived,1
EWAV,NASDAQ,Stock,USD,2026-08-14,2026-10-07,2026-08-14,2026-10-07,False,mid-span,mid-span/survived,1
EXPE,NASDAQ,Stock,USD,2005-07-21,2026-10-07,2005-07-21,2026-10-07,False,at-start,at-start/survived,1
EZFL,NASDAQ,Stock,USD,2026-05-28,2026-10-07,2026-05-28,2026-10-07,False,mid-span,mid-span/survived,1
FATE,NASDAQ,Stock,USD,2013-10-01,2026-10-07,2013-10-01,2026-10-07,False,at-start,at-start/survived,1
FBMS,NYSE,Stock,USD,2003-01-02,2025-03-31,2003-01-02,2025-03-31,True,at-start,at-start/delisted,1
FCAX,NYSE,Stock,USD,2021-03-05,2023-01-13,2021-03-05,2023-01-13,True,mid-span,mid-span/delisted,1
FCBC,NASDAQ,Stock,USD,1997-05-09,2026-10-07,1997-05-09,2026-10-07,False,at-start,at-start/survived,1
FCE-A,NYSE,Stock,USD,1983-10-25,2018-12-10,1983-10-25,2018-12-10,True,at-start,at-start/delisted,1
FCN,NYSE,Stock,USD,1996-05-09,2026-10-07,1996-05-09,2026-10-07,False,at-start,at-start/survived,1
FCSC,NASDAQ,Stock,USD,2009-10-21,2019-12-13,2009-10-21,2019-12-13,True,at-start,at-start/delisted,1
FDNHQ,NASDAQ,Stock,USD,2017-09-22,2017-11-01,2017-09-22,2017-11-01,True,mid-span,mid-span/delisted,1
FISK,NYSE,Stock,USD,2013-10-08,2026-10-07,2013-10-08,2026-10-07,False,at-start,at-start/survived,1
FLFV,NASDAQ,Stock,USD,2022-08-08,2024-06-21,2022-08-08,2024-06-21,True,mid-span,mid-span/delisted,1
FLNG,NYSE,Stock,USD,2019-06-17,2026-10-07,2019-06-17,2026-10-07,False,mid-span,mid-span/survived,1
FNB,NYSE,Stock,USD,1993-03-04,2026-10-07,1993-03-04,2026-10-07,False,at-start,at-start/survived,1
FNGN,NASDAQ,Stock,USD,2010-03-16,2018-07-20,2010-03-16,2018-07-20,True,at-start,at-start/delisted,1
FOLD,NASDAQ,Stock,USD,2007-05-31,2026-04-27,2007-05-31,2026-04-27,True,at-start,at-start/delisted,1
FOXF,NASDAQ,Stock,USD,2013-08-08,2026-10-07,2013-08-08,2026-10-07,False,at-start,at-start/survived,1
FSBW,NASDAQ,Stock,USD,2012-07-10,2026-10-07,2012-07-10,2026-10-07,False,at-start,at-start/survived,1
FSFR,NASDAQ,Stock,USD,2013-07-12,2017-10-17,2013-07-12,2017-10-17,True,at-start,at-start/delisted,1
FTEV,NYSE,Stock,USD,2021-04-22,2023-03-03,2021-04-22,2023-03-03,True,mid-span,mid-span/delisted,1
FTLF,NASDAQ,Stock,USD,2007-11-02,2026-10-07,2007-11-02,2026-10-07,False,at-start,at-start/survived,1
FTV,NYSE,Stock,USD,2016-07-01,2026-10-07,2016-07-01,2026-10-07,False,mid-span,mid-span/survived,1
FUFU,NASDAQ,Stock,USD,2024-02-29,2026-10-07,2024-02-29,2026-10-07,False,mid-span,mid-span/survived,1
FUNC,NASDAQ,Stock,USD,1992-09-08,2026-10-07,1992-09-08,2026-10-07,False,at-start,at-start/survived,1
FUR,NYSE,Stock,USD,2001-01-02,2016-08-09,2001-01-02,2016-08-09,True,at-start,at-start/delisted,1
GAI,NASDAQ,Stock,USD,2016-01-04,2016-03-22,2016-01-04,2016-03-22,True,mid-span,mid-span/delisted,1
GAINI,NASDAQ,Stock,USD,2024-12-18,2026-10-07,2024-12-18,2026-10-07,False,mid-span,mid-span/survived,1
GAINL,NASDAQ,Stock,USD,2023-06-02,2026-10-07,2023-06-02,2026-10-07,False,mid-span,mid-span/survived,1
GAINO,NASDAQ,Stock,USD,2014-11-13,2018-08-30,2014-11-13,2018-08-30,True,at-start,at-start/delisted,1
GASS,NASDAQ,Stock,USD,2005-10-06,2026-10-07,2005-10-06,2026-10-07,False,at-start,at-start/survived,1
GBR,AMEX,Stock,USD,1993-03-26,2026-10-07,1993-03-26,2026-10-07,False,at-start,at-start/survived,1
GD,NYSE,Stock,USD,1977-01-03,2026-10-07,1977-01-03,2026-10-07,False,at-start,at-start/survived,1
GECCM,NASDAQ,Stock,USD,2018-01-26,2026-10-07,2018-01-26,2026-10-07,False,mid-span,mid-span/survived,1
GEL,NYSE,Stock,USD,1996-11-27,2026-10-07,1996-11-27,2026-10-07,False,at-start,at-start/survived,1
GFN,NASDAQ,Stock,USD,2006-07-06,2021-05-25,2006-07-06,2021-05-25,True,at-start,at-start/delisted,1
GFNSL,NASDAQ,Stock,USD,2014-09-24,2021-01-14,2014-09-24,2021-01-14,True,at-start,at-start/delisted,1
GGAC,NASDAQ,Stock,USD,2016-01-04,2016-08-01,2016-01-04,2016-08-01,True,mid-span,mid-span/delisted,1
GIC,NYSE,Stock,USD,1995-06-27,2026-10-07,1995-06-27,2026-10-07,False,at-start,at-start/survived,1
GIFI,NASDAQ,Stock,USD,1997-04-04,2026-10-07,1997-04-04,2026-10-07,False,at-start,at-start/survived,1
GIPR,NASDAQ,Stock,USD,2021-10-05,2026-10-07,2021-10-05,2026-10-07,False,mid-span,mid-span/survived,1
GJO,NYSE,Stock,USD,2005-11-21,2026-10-07,2005-11-21,2026-10-07,False,at-start,at-start/survived,1
GLTA,NYSE MKT,Stock,USD,2021-08-30,2023-07-10,2021-08-30,2023-07-10,True,mid-span,mid-span/delisted,1
GNCMA,NASDAQ,Stock,USD,1992-10-14,2018-03-19,1992-10-14,2018-03-19,True,at-start,at-start/delisted,1
GNOG,NASDAQ,Stock,USD,2019-06-06,2022-05-25,2019-06-06,2022-05-25,True,mid-span,mid-span/delisted,1
GOGN,NYSE,Stock,USD,2021-12-13,2023-07-05,2021-12-13,2023-07-05,True,mid-span,mid-span/delisted,1
GOOG,NASDAQ,Stock,USD,2014-03-27,2026-10-07,2014-03-27,2026-10-07,False,at-start,at-start/survived,1
GOOGL,NASDAQ,Stock,USD,2004-08-19,2026-10-07,2004-08-19,2026-10-07,False,at-start,at-start/survived,1
GRTS,NASDAQ,Stock,USD,2026-02-06,2026-10-07,2026-02-06,2026-10-07,False,mid-span,mid-span/survived,1
GSS,NYSE MKT,Stock,USD,2001-09-26,2022-02-03,2001-09-26,2022-02-03,True,at-start,at-start/delisted,1
GSUM,NASDAQ,Stock,USD,2016-09-23,2021-03-25,2016-09-23,2021-03-25,True,mid-span,mid-span/delisted,1
GXRP,NYSE,Stock,USD,2025-11-24,2026-10-07,2025-11-24,2026-10-07,False,mid-span,mid-span/survived,1
H,NYSE,Stock,USD,2009-11-05,2026-10-07,2009-11-05,2026-10-07,False,at-start,at-start/survived,1
HAPN,NASDAQ,Stock,USD,2014-12-11,2026-10-07,2014-12-11,2026-10-07,False,at-start,at-start/survived,1
HBAN,NASDAQ,Stock,USD,1990-03-26,2026-10-07,1990-03-26,2026-10-07,False,at-start,at-start/survived,1
HEFT,NYSE,Stock,USD,2025-11-21,2026-10-07,2025-11-21,2026-10-07,False,mid-span,mid-span/survived,1
HHH,NYSE,Stock,USD,2010-11-05,2026-10-07,2010-11-05,2026-10-07,False,at-start,at-start/survived,1
HLTH,NYSE,Stock,USD,2009-02-13,2019-09-10,2009-02-13,2019-09-10,True,at-start,at-start/delisted,1
HMA,NYSE,Stock,USD,2022-03-14,2023-07-25,2022-03-14,2023-07-25,True,mid-span,mid-span/delisted,1
HMPR,NASDAQ,Stock,USD,2016-01-04,2016-08-08,2016-01-04,2016-08-08,True,mid-span,mid-span/delisted,1
HMTA,NASDAQ,Stock,USD,2007-09-26,2019-03-29,2007-09-26,2019-03-29,True,at-start,at-start/delisted,1
HOOZ,NYSE,Stock,USD,2025-11-13,2026-08-27,2025-11-13,2026-08-27,True,mid-span,mid-span/delisted,1
HOUS,NYSE,Stock,USD,2012-10-11,2026-01-08,2012-10-11,2026-01-08,True,at-start,at-start/delisted,1
HSNI,NASDAQ,Stock,USD,2008-08-12,2018-01-02,2008-08-12,2018-01-02,True,at-start,at-start/delisted,1
HURC,NASDAQ,Stock,USD,1989-09-05,2026-10-07,1989-09-05,2026-10-07,False,at-start,at-start/survived,1
HYAC,NYSE,Stock,USD,2023-09-15,2026-04-08,2023-09-15,2026-04-08,True,mid-span,mid-span/delisted,1
HZNP,NASDAQ,Stock,USD,2011-07-28,2023-10-06,2011-07-28,2023-10-06,True,at-start,at-start/delisted,1
IACVV,NASDAQ,Stock,USD,2025-03-26,2026-10-07,2025-03-26,2026-10-07,False,mid-span,mid-span/survived,1
IBIM,NYSE,Stock,USD,2026-03-26,2026-10-07,2026-03-26,2026-10-07,False,mid-span,mid-span/survived,1
IBN,NYSE,Stock,USD,2000-03-28,2026-10-07,2000-03-28,2026-10-07,False,at-start,at-start/survived,1
ICE,NYSE,Stock,USD,2005-11-16,2026-10-07,2005-11-16,2026-10-07,False,at-start,at-start/survived,1
IDCC,NASDAQ,Stock,USD,1990-03-26,2026-10-07,1990-03-26,2026-10-07,False,at-start,at-start/survived,1
IGOI,NASDAQ,Stock,USD,2000-06-30,2022-01-18,2000-06-30,2022-01-18,True,at-start,at-start/delisted,1
INMB,NASDAQ,Stock,USD,2019-02-04,2026-10-07,2019-02-04,2026-10-07,False,mid-span,mid-span/survived,1
INTC,NASDAQ,Stock,USD,1980-03-17,2026-10-07,1980-03-17,2026-10-07,False,at-start,at-start/survived,1
INTU,NASDAQ,Stock,USD,1993-03-22,2026-10-07,1993-03-22,2026-10-07,False,at-start,at-start/survived,1
IPHA,NASDAQ,Stock,USD,2019-10-17,2026-10-07,2019-10-17,2026-10-07,False,mid-span,mid-span/survived,1
IRWD,NASDAQ,Stock,USD,2010-02-03,2026-10-07,2010-02-03,2026-10-07,False,at-start,at-start/survived,1
ITAQ,NASDAQ,Stock,USD,2022-03-04,2023-11-02,2022-03-04,2023-11-02,True,mid-span,mid-span/delisted,1
ITP,AMEX,Stock,USD,2007-10-01,2026-10-07,2007-10-01,2026-10-07,False,at-start,at-start/survived,1
ITUS,NASDAQ,Stock,USD,2015-07-10,2018-09-28,2015-07-10,2018-09-28,True,at-start,at-start/delisted,1
IZEA,NASDAQ,Stock,USD,2011-08-29,2026-10-07,2011-08-29,2026-10-07,False,at-start,at-start/survived,1
JBL,NYSE,Stock,USD,1993-05-03,2026-10-07,1993-05-03,2026-10-07,False,at-start,at-start/survived,1
JBTM,NYSE,Stock,USD,2008-07-22,2026-10-07,2008-07-22,2026-10-07,False,at-start,at-start/survived,1
JCSE,NASDAQ,Stock,USD,2022-04-22,2026-09-18,2022-04-22,2026-09-18,False,mid-span,mid-span/survived,1
JELD,NYSE,Stock,USD,2017-01-27,2026-10-07,2017-01-27,2026-10-07,False,mid-span,mid-span/survived,1
JTAIZ,NASDAQ,Stock,USD,2023-08-21,2026-10-07,2023-08-21,2026-10-07,False,mid-span,mid-span/survived,1
JTTT,NASDAQ,Stock,USD,2026-08-26,2026-10-07,2026-08-26,2026-10-07,False,mid-span,mid-span/survived,1
JW,NASDAQ,Stock,USD,2024-09-26,2024-09-27,2024-09-26,2024-09-27,True,mid-span,mid-span/delisted,1
JXN,NYSE,Stock,USD,2021-09-01,2026-10-07,2021-09-01,2026-10-07,False,mid-span,mid-span/survived,1
KCC,NYSE,Stock,USD,2016-01-04,2017-02-09,2016-01-04,2017-02-09,True,mid-span,mid-span/delisted,1
KEYS,NYSE,Stock,USD,2014-10-20,2026-10-07,2014-10-20,2026-10-07,False,at-start,at-start/survived,1
KG,NASDAQ,Stock,USD,2025-05-28,2026-10-07,2025-05-28,2026-10-07,False,mid-span,mid-span/survived,1
KL,NYSE,Stock,USD,2016-12-06,2022-02-08,2016-12-06,2022-02-08,True,mid-span,mid-span/delisted,1
KLXE,NASDAQ,Stock,USD,2018-09-17,2026-10-07,2018-09-17,2026-10-07,False,mid-span,mid-span/survived,1
KRA,NYSE,Stock,USD,2009-12-17,2022-03-18,2009-12-17,2022-03-18,True,at-start,at-start/delisted,1
KS,NYSE,Stock,USD,2005-09-14,2018-12-14,2005-09-14,2018-12-14,True,at-start,at-start/delisted,1
KTH,NYSE,Stock,USD,2001-02-12,2026-10-07,2001-02-12,2026-10-07,False,at-start,at-start/survived,1
KW,NYSE,Stock,USD,2007-12-03,2026-06-16,2007-12-03,2026-06-16,True,at-start,at-start/delisted,1
LABP,NASDAQ,Stock,USD,2021-02-04,2024-05-23,2021-02-04,2024-05-23,True,mid-span,mid-span/delisted,1
LBIO,NASDAQ,Stock,USD,2010-10-15,2017-06-27,2010-10-15,2017-06-27,True,at-start,at-start/delisted,1
LBYKV,NASDAQ,Stock,USD,2024-11-04,2026-06-29,2024-11-04,2026-06-29,True,mid-span,mid-span/delisted,1
LCNB,NASDAQ,Stock,USD,1999-10-26,2026-10-07,1999-10-26,2026-10-07,False,at-start,at-start/survived,1
LEA,NYSE,Stock,USD,2009-11-09,2026-10-07,2009-11-09,2026-10-07,False,at-start,at-start/survived,1
LEVI,NYSE,Stock,USD,2019-03-21,2026-10-07,2019-03-21,2026-10-07,False,mid-span,mid-span/survived,1
LFL,NYSE,Stock,USD,1997-11-07,2017-05-12,1997-11-07,2017-05-12,True,at-start,at-start/delisted,1
LFMD,NASDAQ,Stock,USD,2001-01-02,2026-10-07,2001-01-02,2026-10-07,False,at-start,at-start/survived,1
LHAA,NASDAQ,Stock,USD,2021-03-05,2022-12-13,2021-03-05,2022-12-13,True,mid-span,mid-span/delisted,1
LHX,NYSE,Stock,USD,1981-12-31,2026-10-07,1981-12-31,2026-10-07,False,at-start,at-start/survived,1
LIOX,NASDAQ,Stock,USD,2016-01-04,2017-03-01,2016-01-04,2017-03-01,True,mid-span,mid-span/delisted,1
LJAQ,NASDAQ,Stock,USD,2021-03-02,2022-12-30,2021-03-02,2022-12-30,True,mid-span,mid-span/delisted,1
LMRK,NASDAQ,Stock,USD,2014-11-14,2021-12-22,2014-11-14,2021-12-22,True,at-start,at-start/delisted,1
LNKB,NASDAQ,Stock,USD,2020-06-01,2026-05-01,2020-06-01,2026-05-01,True,mid-span,mid-span/delisted,1
LNZA,NASDAQ,Stock,USD,2021-09-24,2026-10-07,2021-09-24,2026-10-07,False,mid-span,mid-span/survived,1
LOCO,NASDAQ,Stock,USD,2014-07-25,2026-10-07,2014-07-25,2026-10-07,False,at-start,at-start/survived,1
LPCV,NASDAQ,Stock,USD,2026-02-09,2026-10-07,2026-02-09,2026-10-07,False,mid-span,mid-span/survived,1
LUXA,NASDAQ,Stock,USD,2020-12-18,2022-11-01,2020-12-18,2022-11-01,True,mid-span,mid-span/delisted,1
LVRA,NASDAQ,Stock,USD,2021-05-14,2023-03-23,2021-05-14,2023-03-23,True,mid-span,mid-span/delisted,1
MACC,NYSE,Stock,USD,2021-04-26,2022-12-07,2021-04-26,2022-12-07,True,mid-span,mid-span/delisted,1
MANE,NYSE,Stock,USD,2026-02-04,2026-10-07,2026-02-04,2026-10-07,False,mid-span,mid-span/survived,1
MBNAB,NASDAQ,Stock,USD,2018-08-29,2018-10-23,2018-08-29,2018-10-23,True,mid-span,mid-span/delisted,1
MCHP,NASDAQ,Stock,USD,1993-03-19,2026-10-07,1993-03-19,2026-10-07,False,at-start,at-start/survived,1
MDU,NYSE,Stock,USD,1987-11-05,2026-10-07,1987-11-05,2026-10-07,False,at-start,at-start/survived,1
MEGI,NYSE,Stock,USD,2021-10-27,2026-10-07,2021-10-27,2026-10-07,False,mid-span,mid-span/survived,1
METCZ,NASDAQ,Stock,USD,2024-12-03,2026-10-07,2024-12-03,2026-10-07,False,mid-span,mid-span/survived,1
METR,NASDAQ,Stock,USD,2016-01-04,2016-02-22,2016-01-04,2016-02-22,True,mid-span,mid-span/delisted,1
MIDD,NASDAQ,Stock,USD,1992-03-17,2026-10-07,1992-03-17,2026-10-07,False,at-start,at-start/survived,1
MILE,NASDAQ,Stock,USD,2020-11-09,2022-09-07,2020-11-09,2022-09-07,True,mid-span,mid-span/delisted,1
MIST,NASDAQ,Stock,USD,2019-05-09,2026-10-07,2019-05-09,2026-10-07,False,mid-span,mid-span/survived,1
MKFG,NYSE,Stock,USD,2020-10-08,2025-04-25,2020-10-08,2025-04-25,True,mid-span,mid-span/delisted,1
MKTX,NASDAQ,Stock,USD,2004-11-05,2026-10-07,2004-11-05,2026-10-07,False,at-start,at-start/survived,1
MPG,NYSE,Stock,USD,2014-12-12,2017-08-17,2014-12-12,2017-08-17,True,at-start,at-start/delisted,1
MRBK,NASDAQ,Stock,USD,2017-11-07,2026-10-07,2017-11-07,2026-10-07,False,mid-span,mid-span/survived,1
MSFC,NASDAQ,Stock,USD,2026-06-26,2026-06-30,2026-06-26,2026-06-30,True,mid-span,mid-span/delisted,1
MSK-CL,NYSE,Stock,USD,2016-07-19,2016-08-02,2016-07-19,2016-08-02,True,mid-span,mid-span/delisted,1
MTOR,NYSE,Stock,USD,2000-07-10,2022-08-03,2000-07-10,2022-08-03,True,at-start,at-start/delisted,1
MTUS,NYSE,Stock,USD,2014-06-19,2026-10-07,2014-06-19,2026-10-07,False,at-start,at-start/survived,1
MVIS,NASDAQ,Stock,USD,1996-08-27,2026-10-07,1996-08-27,2026-10-07,False,at-start,at-start/survived,1
MWH,NASDAQ,Stock,USD,2026-02-11,2026-10-07,2026-02-11,2026-10-07,False,mid-span,mid-span/survived,1
MYFW,NASDAQ,Stock,USD,2018-07-19,2026-10-07,2018-07-19,2026-10-07,False,mid-span,mid-span/survived,1
NC,NYSE,Stock,USD,1977-06-17,2026-10-07,1977-06-17,2026-10-07,False,at-start,at-start/survived,1
NEE,NYSE,Stock,USD,1983-06-10,2026-10-07,1983-06-10,2026-10-07,False,at-start,at-start/survived,1
NEGG,NASDAQ,Stock,USD,2010-04-22,2026-10-07,2010-04-22,2026-10-07,False,at-start,at-start/survived,1
NEM,NYSE,Stock,USD,1983-04-06,2026-10-07,1983-04-06,2026-10-07,False,at-start,at-start/survived,1
NET,NYSE,Stock,USD,2019-09-13,2026-10-07,2019-09-13,2026-10-07,False,mid-span,mid-span/survived,1
NEWTH,NASDAQ,Stock,USD,2024-09-17,2026-10-07,2024-09-17,2026-10-07,False,mid-span,mid-span/survived,1
NGC,NYSE,Stock,USD,2021-05-18,2023-03-24,2021-05-18,2023-03-24,True,mid-span,mid-span/delisted,1
NIQ,NYSE,Stock,USD,2025-07-23,2026-10-07,2025-07-23,2026-10-07,False,mid-span,mid-span/survived,1
NIXX,NASDAQ,Stock,USD,2008-11-20,2026-10-07,2008-11-20,2026-10-07,False,at-start,at-start/survived,1
NM,NYSE,Stock,USD,2005-01-06,2023-12-14,2005-01-06,2023-12-14,True,at-start,at-start/delisted,1
NMAI,NYSE,Stock,USD,2021-11-22,2026-10-07,2021-11-22,2026-10-07,False,mid-span,mid-span/survived,1
NMMC,NASDAQ,Stock,USD,2020-11-18,2022-09-30,2020-11-18,2022-09-30,True,mid-span,mid-span/delisted,1
NNI,NYSE,Stock,USD,2003-12-12,2026-10-07,2003-12-12,2026-10-07,False,at-start,at-start/survived,1
NOMD,NYSE,Stock,USD,2016-01-04,2026-10-07,2016-01-04,2026-10-07,False,mid-span,mid-span/survived,1
NPFD,NYSE,Stock,USD,2021-12-16,2026-10-07,2021-12-16,2026-10-07,False,mid-span,mid-span/survived,1
NPTN,NYSE,Stock,USD,2011-02-02,2022-08-03,2011-02-02,2022-08-03,True,at-start,at-start/delisted,1
NSM,NYSE,Stock,USD,2012-03-08,2018-07-31,2012-03-08,2018-07-31,True,at-start,at-start/delisted,1
NSTS,NASDAQ,Stock,USD,2022-01-19,2026-10-01,2022-01-19,2026-10-01,False,mid-span,mid-span/survived,1
NTEST,NYSE,Stock,USD,2016-09-19,2026-10-07,2016-09-19,2026-10-07,False,mid-span,mid-span/survived,1
NTEST-V,NYSE,Stock,USD,2019-07-08,2019-07-23,2019-07-08,2019-07-23,True,mid-span,mid-span/delisted,1
NTGR,NASDAQ,Stock,USD,2003-07-31,2026-10-07,2003-07-31,2026-10-07,False,at-start,at-start/survived,1
NUVA,NASDAQ,Stock,USD,2004-05-13,2023-09-11,2004-05-13,2023-09-11,True,at-start,at-start/delisted,1
NVCN,NASDAQ,Stock,USD,2007-02-05,2023-04-11,2007-02-05,2023-04-11,True,at-start,at-start/delisted,1
NVMI,NASDAQ,Stock,USD,2000-04-11,2026-10-07,2000-04-11,2026-10-07,False,at-start,at-start/survived,1
NVO,NYSE,Stock,USD,1982-01-04,2026-10-07,1982-01-04,2026-10-07,False,at-start,at-start/survived,1
NVRO,NYSE,Stock,USD,2014-11-06,2025-04-02,2014-11-06,2025-04-02,True,at-start,at-start/delisted,1
NWN,NYSE,Stock,USD,1990-03-26,2026-10-07,1990-03-26,2026-10-07,False,at-start,at-start/survived,1
OAK,NYSE,Stock,USD,2012-04-12,2019-10-08,2012-04-12,2019-10-08,True,at-start,at-start/delisted,1
ODP,NASDAQ,Stock,USD,1990-03-26,2026-10-07,1990-03-26,2026-10-07,False,at-start,at-start/survived,1
OFG,NYSE,Stock,USD,1990-03-28,2026-10-07,1990-03-28,2026-10-07,False,at-start,at-start/survived,1
OLO,NYSE,Stock,USD,2021-03-17,2025-09-12,2021-03-17,2025-09-12,True,mid-span,mid-span/delisted,1
ONBPP,NASDAQ,Stock,USD,2022-02-16,2026-10-07,2022-02-16,2026-10-07,False,mid-span,mid-span/survived,1
ONVI,NASDAQ,Stock,USD,2000-03-02,2017-11-17,2000-03-02,2017-11-17,True,at-start,at-start/delisted,1
OPA,NYSE,Stock,USD,2021-05-18,2024-01-25,2021-05-18,2024-01-25,True,mid-span,mid-span/delisted,1
ORGO,NASDAQ,Stock,USD,2017-01-05,2026-10-07,2017-01-05,2026-10-07,False,mid-span,mid-span/survived,1
ORIT,NASDAQ,Stock,USD,2007-01-24,2019-12-02,2007-01-24,2019-12-02,True,at-start,at-start/delisted,1
OSH,NYSE,Stock,USD,2020-08-06,2023-05-02,2020-08-06,2023-05-02,True,mid-span,mid-span/delisted,1
OSLE,NYSE,Stock,USD,2012-11-01,2020-01-31,2012-11-01,2020-01-31,True,at-start,at-start/delisted,1
OSN,NASDAQ,Stock,USD,2010-12-21,2021-09-10,2010-12-21,2021-09-10,True,at-start,at-start/delisted,1
OUTR,NASDAQ,Stock,USD,2013-07-01,2016-09-28,2013-07-01,2016-09-28,True,at-start,at-start/delisted,1
OVID,NASDAQ,Stock,USD,2017-05-05,2026-10-07,2017-05-05,2026-10-07,False,mid-span,mid-span/survived,1
OYSE,NASDAQ,Stock,USD,2025-07-11,2026-10-07,2025-07-11,2026-10-07,False,mid-span,mid-span/survived,1
PAQC,NASDAQ,Stock,USD,2022-10-27,2022-10-28,2022-10-27,2022-10-28,True,mid-span,mid-span/delisted,1
PBFS,NASDAQ,Stock,USD,2019-07-18,2026-10-07,2019-07-18,2026-10-07,False,mid-span,mid-span/survived,1
PBFX,NYSE,Stock,USD,2014-05-09,2022-11-30,2014-05-09,2022-11-30,True,at-start,at-start/delisted,1
PBIP,NASDAQ,Stock,USD,2005-03-30,2022-09-07,2005-03-30,2022-09-07,True,at-start,at-start/delisted,1
PCG,NYSE,Stock,USD,1972-06-01,2026-10-07,1972-06-01,2026-10-07,False,at-start,at-start/survived,1
PCT,NASDAQ,Stock,USD,2020-07-14,2026-10-07,2020-07-14,2026-10-07,False,mid-span,mid-span/survived,1
PFXNL,NASDAQ,Stock,USD,2013-03-22,2023-01-13,2013-03-22,2023-01-13,True,at-start,at-start/delisted,1
PHM,NYSE,Stock,USD,1985-07-01,2026-10-07,1985-07-01,2026-10-07,False,at-start,at-start/survived,1
PINS,NYSE,Stock,USD,2019-04-18,2026-10-07,2019-04-18,2026-10-07,False,mid-span,mid-span/survived,1
PJH,NYSE,Stock,USD,2012-12-12,2020-09-22,2012-12-12,2020-09-22,True,at-start,at-start/delisted,1
PLTS,NASDAQ,Stock,USD,2025-09-19,2026-10-07,2025-09-19,2026-10-07,False,mid-span,mid-span/survived,1
PPHC,NASDAQ,Stock,USD,2026-01-28,2026-10-07,2026-01-28,2026-10-07,False,mid-span,mid-span/survived,1
PPHMP,NASDAQ,Stock,USD,2014-02-27,2018-01-08,2014-02-27,2018-01-08,True,at-start,at-start/delisted,1
PSTVZ,NASDAQ,Stock,USD,2018-05-25,2020-05-26,2018-05-25,2020-05-26,True,mid-span,mid-span/delisted,1
PTEST-X,NYSE,Stock,USD,2019-08-30,2026-10-07,2019-08-30,2026-10-07,False,mid-span,mid-span/survived,1
PW,NYSE MKT,Stock,USD,1980-03-17,2026-10-07,1980-03-17,2026-10-07,False,at-start,at-start/survived,1
PWP,NASDAQ,Stock,USD,2020-11-20,2026-10-07,2020-11-20,2026-10-07,False,mid-span,mid-span/survived,1
QCLS,NASDAQ,Stock,USD,2014-01-23,2026-10-07,2014-01-23,2026-10-07,False,at-start,at-start/survived,1
QIWI,NASDAQ,Stock,USD,2013-05-03,2024-05-09,2013-05-03,2024-05-09,True,at-start,at-start/delisted,1
QMLS,NASDAQ,Stock,USD,2026-07-16,2026-10-07,2026-07-16,2026-10-07,False,mid-span,mid-span/survived,1
QXO,NYSE,Stock,USD,2012-03-15,2026-10-07,2012-03-15,2026-10-07,False,at-start,at-start/survived,1
RAAA,NYSE,Stock,USD,2025-07-09,2026-10-07,2025-07-09,2026-10-07,False,mid-span,mid-span/survived,1
RBB,NASDAQ,Stock,USD,2017-07-26,2026-10-07,2017-07-26,2026-10-07,False,mid-span,mid-span/survived,1
RECT,NASDAQ,Stock,USD,2024-06-21,2026-10-07,2024-06-21,2026-10-07,False,mid-span,mid-span/survived,1
RELX,NYSE,Stock,USD,1994-10-07,2026-10-07,1994-10-07,2026-10-07,False,at-start,at-start/survived,1
REYN,NASDAQ,Stock,USD,2020-01-31,2026-10-07,2020-01-31,2026-10-07,False,mid-span,mid-span/survived,1
RGTI,NASDAQ,Stock,USD,2021-04-22,2026-10-07,2021-04-22,2026-10-07,False,mid-span,mid-span/survived,1
RHT,NYSE,Stock,USD,1999-08-11,2019-07-08,1999-08-11,2019-07-08,True,at-start,at-start/delisted,1
RITM,NYSE,Stock,USD,2013-05-02,2026-10-07,2013-05-02,2026-10-07,False,at-start,at-start/survived,1
RMR,NASDAQ,Stock,USD,2015-12-15,2026-10-07,2015-12-15,2026-10-07,False,at-start,at-start/survived,1
RPM,NYSE,Stock,USD,1990-03-26,2026-10-07,1990-03-26,2026-10-07,False,at-start,at-start/survived,1
RPTP,NASDAQ,Stock,USD,2006-10-03,2016-10-26,2006-10-03,2016-10-26,True,at-start,at-start/delisted,1
RRD,NASDAQ,Stock,USD,1985-07-01,2022-02-25,1985-07-01,2022-02-25,True,at-start,at-start/delisted,1
RSTN,NASDAQ,Stock,USD,2024-08-08,2024-09-03,2024-08-08,2024-09-03,True,mid-span,mid-span/delisted,1
RWGE,NYSE,Stock,USD,2018-01-22,2019-12-13,2018-01-22,2019-12-13,True,mid-span,mid-span/delisted,1
RWTN,NYSE,Stock,USD,2024-02-02,2026-10-07,2024-02-02,2026-10-07,False,mid-span,mid-span/survived,1
RXO,NYSE,Stock,USD,2022-10-27,2026-10-07,2022-10-27,2026-10-07,False,mid-span,mid-span/survived,1
RY,NYSE,Stock,USD,1995-10-16,2026-10-07,1995-10-16,2026-10-07,False,at-start,at-start/survived,1
RYZB,NASDAQ,Stock,USD,2023-09-14,2026-10-07,2023-09-14,2026-10-07,False,mid-span,mid-span/survived,1
SAAQ,NASDAQ,Stock,USD,2026-03-23,2026-10-07,2026-03-23,2026-10-07,False,mid-span,mid-span/survived,1
SAFT,NASDAQ,Stock,USD,2002-11-22,2026-10-07,2002-11-22,2026-10-07,False,at-start,at-start/survived,1
SAGT,NASDAQ,Stock,USD,2025-03-07,2026-10-07,2025-03-07,2026-10-07,False,mid-span,mid-span/survived,1
SBOW,NYSE,Stock,USD,2016-05-03,2024-07-30,2016-05-03,2024-07-30,True,mid-span,mid-span/delisted,1
SBRAP,NASDAQ,Stock,USD,2013-03-21,2018-05-31,2013-03-21,2018-05-31,True,at-start,at-start/delisted,1
SBXE,NYSE,Stock,USD,2026-01-23,2026-10-07,2026-01-23,2026-10-07,False,mid-span,mid-span/survived,1
SCAC,NASDAQ,Stock,USD,2016-11-15,2019-03-29,2016-11-15,2019-03-29,True,mid-span,mid-span/delisted,1
SCCC,NYSE,Stock,USD,2020-09-10,2026-10-07,2020-09-10,2026-10-07,False,mid-span,mid-span/survived,1
SCKT,NASDAQ,Stock,USD,1995-06-07,2026-10-07,1995-06-07,2026-10-07,False,at-start,at-start/survived,1
SCOB,NASDAQ,Stock,USD,2021-04-06,2023-02-10,2021-04-06,2023-02-10,True,mid-span,mid-span/delisted,1
SCOP,NYSE,Stock,USD,2026-05-04,2026-10-07,2026-05-04,2026-10-07,False,mid-span,mid-span/survived,1
SCUA,NYSE,Stock,USD,2022-01-31,2023-06-08,2022-01-31,2023-06-08,True,mid-span,mid-span/delisted,1
SEDG,NASDAQ,Stock,USD,2015-03-26,2026-10-07,2015-03-26,2026-10-07,False,at-start,at-start/survived,1
SEG,NYSE,Stock,USD,2024-07-30,2026-10-07,2024-07-30,2026-10-07,False,mid-span,mid-span/survived,1
SEHI,NASDAQ,Stock,USD,2017-09-29,2019-09-24,2017-09-29,2019-09-24,True,mid-span,mid-span/delisted,1
SFL,NYSE,Stock,USD,2004-06-17,2026-10-07,2004-06-17,2026-10-07,False,at-start,at-start/survived,1
SGE,NYSE MKT,Stock,USD,2023-05-16,2024-09-30,2023-05-16,2024-09-30,True,mid-span,mid-span/delisted,1
SGII,NASDAQ,Stock,USD,2021-12-02,2023-12-01,2021-12-02,2023-12-01,True,mid-span,mid-span/delisted,1
SHBI,NASDAQ,Stock,USD,2001-03-22,2026-10-07,2001-03-22,2026-10-07,False,at-start,at-start/survived,1
SHI,NYSE,Stock,USD,1993-07-26,2022-09-07,1993-07-26,2022-09-07,True,at-start,at-start/delisted,1
SIBN,NASDAQ,Stock,USD,2018-10-17,2026-10-07,2018-10-17,2026-10-07,False,mid-span,mid-span/survived,1
SIMO,NASDAQ,Stock,USD,2005-06-30,2026-10-07,2005-06-30,2026-10-07,False,at-start,at-start/survived,1
SITE,NYSE,Stock,USD,2016-05-12,2026-10-07,2016-05-12,2026-10-07,False,mid-span,mid-span/survived,1
SMRF,NYSE,Stock,USD,2026-02-19,2026-10-07,2026-02-19,2026-10-07,False,mid-span,mid-span/survived,1
SNAP,NYSE,Stock,USD,2017-03-02,2026-10-07,2017-03-02,2026-10-07,False,mid-span,mid-span/survived,1
SNGX,NASDAQ,Stock,USD,2012-03-08,2026-10-07,2012-03-08,2026-10-07,False,at-start,at-start/survived,1
SNTG,NASDAQ,Stock,USD,2021-07-08,2026-10-07,2021-07-08,2026-10-07,False,mid-span,mid-span/survived,1
SNWV,NASDAQ,Stock,USD,2015-03-10,2026-10-07,2015-03-10,2026-10-07,False,at-start,at-start/survived,1
SPCT,NASDAQ,Stock,USD,2025-09-30,2026-10-07,2025-09-30,2026-10-07,False,mid-span,mid-span/survived,1
SQSP,NYSE,Stock,USD,2021-05-19,2024-10-18,2021-05-19,2024-10-18,True,mid-span,mid-span/delisted,1
SRFM,NYSE,Stock,USD,2023-07-27,2026-10-07,2023-07-27,2026-10-07,False,mid-span,mid-span/survived,1
STBX,NASDAQ,Stock,USD,2022-08-23,2026-10-07,2022-08-23,2026-10-07,False,mid-span,mid-span/survived,1
STDN,NYSE,Stock,USD,2026-07-16,2026-10-07,2026-07-16,2026-10-07,False,mid-span,mid-span/survived,1
STLA,NYSE,Stock,USD,2010-06-09,2026-10-07,2010-06-09,2026-10-07,False,at-start,at-start/survived,1
STRF,NASDAQ,Stock,USD,2025-03-26,2026-10-07,2025-03-26,2026-10-07,False,mid-span,mid-span/survived,1
STSA,NASDAQ,Stock,USD,2019-09-13,2023-06-08,2019-09-13,2023-06-08,True,mid-span,mid-span/delisted,1
SU,NYSE,Stock,USD,1993-12-01,2026-10-07,1993-12-01,2026-10-07,False,at-start,at-start/survived,1
SVU,NYSE,Stock,USD,1985-07-01,2018-12-14,1985-07-01,2018-12-14,True,at-start,at-start/delisted,1
SWAY,NYSE,Stock,USD,2014-01-22,2016-01-05,2014-01-22,2016-01-05,True,at-start,at-start/delisted,1
SWN,NYSE,Stock,USD,1987-12-30,2024-10-01,1987-12-30,2024-10-01,True,at-start,at-start/delisted,1
SWVL,NASDAQ,Stock,USD,2022-03-31,2026-10-07,2022-03-31,2026-10-07,False,mid-span,mid-span/survived,1
SYNX,AMEX,Stock,USD,2024-01-12,2026-10-07,2024-01-12,2026-10-07,False,mid-span,mid-span/survived,1
TALO,NYSE,Stock,USD,2018-05-10,2026-10-07,2018-05-10,2026-10-07,False,mid-span,mid-span/survived,1
TASK,NASDAQ,Stock,USD,2021-06-11,2026-10-07,2021-06-11,2026-10-07,False,mid-span,mid-span/survived,1
TBPH,NASDAQ,Stock,USD,2014-05-16,2026-10-07,2014-05-16,2026-10-07,False,at-start,at-start/survived,1
TCBIL,NASDAQ,Stock,USD,2012-09-28,2021-06-21,2012-09-28,2021-06-21,True,at-start,at-start/delisted,1
TDIC,NASDAQ,Stock,USD,2025-07-23,2026-10-07,2025-07-23,2026-10-07,False,mid-span,mid-span/survived,1
TEKK,NASDAQ,Stock,USD,2020-12-29,2022-10-27,2020-12-29,2022-10-27,True,mid-span,mid-span/delisted,1
TGICQ,NASDAQ,Stock,USD,1993-10-22,2018-04-30,1993-10-22,2018-04-30,True,at-start,at-start/delisted,1
TIGO,NASDAQ,Stock,USD,2011-05-31,2026-10-07,2011-05-31,2026-10-07,False,at-start,at-start/survived,1
TIPT,NASDAQ,Stock,USD,2010-10-15,2026-10-07,2010-10-15,2026-10-07,False,at-start,at-start/survived,1
TKO,NYSE,Stock,USD,2023-09-12,2026-10-07,2023-09-12,2026-10-07,False,mid-span,mid-span/survived,1
TPTS,NYSE,Stock,USD,2026-06-24,2026-10-07,2026-06-24,2026-10-07,False,mid-span,mid-span/survived,1
TRGP,NYSE,Stock,USD,2010-12-07,2026-10-07,2010-12-07,2026-10-07,False,at-start,at-start/survived,1
TRK,NYSE,Stock,USD,1995-02-24,2019-09-17,1995-02-24,2019-09-17,True,at-start,at-start/delisted,1
TROX,NYSE,Stock,USD,2010-12-01,2026-10-07,2010-12-01,2026-10-07,False,at-start,at-start/survived,1
TSBK,NASDAQ,Stock,USD,1998-01-13,2026-10-07,1998-01-13,2026-10-07,False,at-start,at-start/survived,1
TSCAP,NASDAQ,Stock,USD,2018-03-16,2022-06-01,2018-03-16,2022-06-01,True,mid-span,mid-span/delisted,1
TSG,NASDAQ,Stock,USD,2010-10-15,2020-05-05,2010-10-15,2020-05-05,True,at-start,at-start/delisted,1
TSYS,NASDAQ,Stock,USD,2000-08-08,2016-02-24,2000-08-08,2016-02-24,True,at-start,at-start/delisted,1
TTHI,NASDAQ,Stock,USD,2016-01-04,2016-09-08,2016-01-04,2016-09-08,True,mid-span,mid-span/delisted,1
TUFN,NYSE,Stock,USD,2019-04-11,2022-09-07,2019-04-11,2022-09-07,True,mid-span,mid-span/delisted,1
TURB,NASDAQ,Stock,USD,2023-09-22,2026-10-07,2023-09-22,2026-10-07,False,mid-span,mid-span/survived,1
TV,NYSE,Stock,USD,1993-12-14,2026-10-07,1993-12-14,2026-10-07,False,at-start,at-start/survived,1
TXG,NASDAQ,Stock,USD,2019-09-12,2026-10-07,2019-09-12,2026-10-07,False,mid-span,mid-span/survived,1
UA,NYSE,Stock,USD,2016-04-07,2026-10-07,2016-04-07,2026-10-07,False,mid-span,mid-span/survived,1
UBNK,NASDAQ,Stock,USD,2005-08-17,2019-10-31,2005-08-17,2019-10-31,True,at-start,at-start/delisted,1
UBS,NYSE,Stock,USD,2014-11-21,2026-10-07,2014-11-21,2026-10-07,False,at-start,at-start/survived,1
UCP,NYSE,Stock,USD,2013-07-18,2017-08-24,2013-07-18,2017-08-24,True,at-start,at-start/delisted,1
UEC,AMEX,Stock,USD,2007-04-05,2026-10-07,2007-04-05,2026-10-07,False,at-start,at-start/survived,1
UHAL,NYSE,Stock,USD,1994-11-04,2026-10-07,1994-11-04,2026-10-07,False,at-start,at-start/survived,1
UHG,NASDAQ,Stock,USD,2021-03-29,2026-05-05,2021-03-29,2026-05-05,True,mid-span,mid-span/delisted,1
UHT,NYSE,Stock,USD,1987-11-05,2026-10-07,1987-11-05,2026-10-07,False,at-start,at-start/survived,1
UNF,NYSE,Stock,USD,1988-01-05,2026-10-07,1988-01-05,2026-10-07,False,at-start,at-start/survived,1
UNT,NYSE,Stock,USD,1988-01-05,2020-12-23,1988-01-05,2020-12-23,True,at-start,at-start/delisted,1
USIO,NASDAQ,Stock,USD,2001-01-02,2026-10-07,2001-01-02,2026-10-07,False,at-start,at-start/survived,1
USOI,NASDAQ,Stock,USD,2024-06-03,2026-10-07,2024-06-03,2026-10-07,False,mid-span,mid-span/survived,1
UTZ,NYSE,Stock,USD,2018-11-26,2026-10-07,2018-11-26,2026-10-07,False,mid-span,mid-span/survived,1
UZB,NYSE,Stock,USD,2014-12-09,2021-05-11,2014-12-09,2021-05-11,True,at-start,at-start/delisted,1
VANI,NASDAQ,Stock,USD,2014-11-19,2026-10-07,2014-11-19,2026-10-07,False,at-start,at-start/survived,1
VIAB,NASDAQ,Stock,USD,2005-12-05,2019-12-04,2005-12-05,2019-12-04,True,at-start,at-start/delisted,1
VIOT,NASDAQ,Stock,USD,2018-09-25,2026-10-07,2018-09-25,2026-10-07,False,mid-span,mid-span/survived,1
VNRAP,NASDAQ,Stock,USD,2017-01-03,2017-02-10,2017-01-03,2017-02-10,True,mid-span,mid-span/delisted,1
VPCO,NASDAQ,Stock,USD,2010-02-10,2016-02-16,2010-02-10,2016-02-16,True,at-start,at-start/delisted,1
VRTU,NASDAQ,Stock,USD,2007-08-03,2021-02-11,2007-08-03,2021-02-11,True,at-start,at-start/delisted,1
VSTD,NASDAQ,Stock,USD,2026-05-28,2026-05-28,2026-05-28,2026-05-28,True,mid-span,mid-span/delisted,1
VTR,NYSE,Stock,USD,1997-05-05,2026-10-07,1997-05-05,2026-10-07,False,at-start,at-start/survived,1
WAB,NYSE,Stock,USD,1995-06-16,2026-10-07,1995-06-16,2026-10-07,False,at-start,at-start/survived,1
WAY,NASDAQ,Stock,USD,2024-06-07,2026-10-07,2024-06-07,2026-10-07,False,mid-span,mid-span/survived,1
WBI,NYSE,Stock,USD,2025-09-17,2026-10-07,2025-09-17,2026-10-07,False,mid-span,mid-span/survived,1
WEAV,NYSE,Stock,USD,2021-11-11,2026-10-07,2021-11-11,2026-10-07,False,mid-span,mid-span/survived,1
WENC,NYSE,Stock,USD,2026-05-13,2026-10-07,2026-05-13,2026-10-07,False,mid-span,mid-span/survived,1
WHWK,NASDAQ,Stock,USD,2017-08-08,2026-10-07,2017-08-08,2026-10-07,False,mid-span,mid-span/survived,1
WK,NYSE,Stock,USD,2014-12-12,2026-10-07,2014-12-12,2026-10-07,False,at-start,at-start/survived,1
WLTH,NASDAQ,Stock,USD,2025-12-12,2026-10-07,2025-12-12,2026-10-07,False,mid-span,mid-span/survived,1
WMIH,NASDAQ,Stock,USD,2012-03-28,2018-10-10,2012-03-28,2018-10-10,True,at-start,at-start/delisted,1
WPP,NYSE,Stock,USD,1990-03-26,2026-10-07,1990-03-26,2026-10-07,False,at-start,at-start/survived,1
WRLD,NASDAQ,Stock,USD,1991-12-02,2026-10-07,1991-12-02,2026-10-07,False,at-start,at-start/survived,1
WS,NYSE,Stock,USD,2023-11-28,2026-10-07,2023-11-28,2026-10-07,False,mid-span,mid-span/survived,1
WSBCP,NASDAQ,Stock,USD,2020-08-05,2026-10-07,2020-08-05,2026-10-07,False,mid-span,mid-span/survived,1
WSO,NYSE,Stock,USD,1984-06-07,2026-10-07,1984-06-07,2026-10-07,False,at-start,at-start/survived,1
XLAB,NASDAQ,Stock,USD,2026-08-28,2026-10-07,2026-08-28,2026-10-07,False,mid-span,mid-span/survived,1
XOMA,NASDAQ,Stock,USD,1989-04-05,2026-07-14,1989-04-05,2026-07-14,True,at-start,at-start/delisted,1
XOS,NASDAQ,Stock,USD,2021-08-20,2026-10-07,2021-08-20,2026-10-07,False,mid-span,mid-span/survived,1
XPLR,NASDAQ,Stock,USD,2008-03-07,2018-08-13,2008-03-07,2018-08-13,True,at-start,at-start/delisted,1
XRPN,NASDAQ,Stock,USD,2025-06-24,2026-10-07,2025-06-24,2026-10-07,False,mid-span,mid-span/survived,1
XYL,NYSE,Stock,USD,2011-10-13,2026-10-07,2011-10-13,2026-10-07,False,at-start,at-start/survived,1
YHOO,NASDAQ,Stock,USD,1996-04-12,2017-06-26,1996-04-12,2017-06-26,True,at-start,at-start/delisted,1
ZBIO,NASDAQ,Stock,USD,2024-09-13,2026-10-07,2024-09-13,2026-10-07,False,mid-span,mid-span/survived,1
ZFOX,NASDAQ,Stock,USD,2021-01-07,2024-05-13,2021-01-07,2024-05-13,True,mid-span,mid-span/delisted,1
ZGM,NASDAQ,Stock,USD,2025-09-09,2026-04-13,2025-09-09,2026-04-13,True,mid-span,mid-span/delisted,1
ZYBT,NASDAQ,Stock,USD,2025-01-07,2026-10-07,2025-01-07,2026-10-07,False,mid-span,mid-span/survived,1
