config,train,test,test_dd,test_sharpe,both
liq=large  rank=pct_vs_sma50  hold40 n10,0.08273159003051611,0.06098005589233457,-0.07746880423929237,0.8449796141023772,False
liq=large  rank=pct_vs_sma50  hold40 n20,0.11878884530312339,0.0684633312640952,-0.20279469805495198,0.5432998367421343,False
liq=large  rank=pct_vs_sma50  hold60 n10,0.1371701355579693,0.0633868792308987,-0.12307227291301803,0.8080433818195741,False
liq=large  rank=pct_vs_sma50  hold60 n20,0.13765203247040314,0.07990035096802273,-0.15751358444943964,0.6480174975576355,False
liq=large  rank=composite     hold40 n10,0.12432845430101302,0.044778423952307245,-0.09697034655568104,0.6123624265543813,False
liq=large  rank=composite     hold40 n20,0.11337697735482521,0.029139676762546474,-0.1926632459389025,0.2989834591726861,False
liq=large  rank=composite     hold60 n10,0.11893931652942125,0.046774623912221314,-0.10188101254774506,0.5970390376053537,False
liq=large  rank=composite     hold60 n20,0.13892332666153706,0.04774025251237535,-0.15992372266919275,0.43558341597268435,False
liq=all    rank=pct_vs_sma50  hold40 n10,0.08939766880166422,0.06200961175255171,-0.14660993076854778,0.5334774344313343,False
liq=all    rank=pct_vs_sma50  hold40 n20,0.09289899208361341,0.07156355405782922,-0.27673033880439446,0.4862840507736257,False
liq=all    rank=pct_vs_sma50  hold60 n10,0.13513525526857872,0.05994160130578141,-0.19235985392922472,0.4961264200430798,False
liq=all    rank=pct_vs_sma50  hold60 n20,0.16043613737403617,0.12339469641238487,-0.23289013029695815,0.7450597219966317,False
liq=all    rank=composite     hold40 n10,0.12960912923534718,0.04556307471232701,-0.12349698462672132,0.5160235070100999,False
liq=all    rank=composite     hold40 n20,0.1370486165375726,0.054082283234393014,-0.2171997896351584,0.4507151109463979,False
liq=all    rank=composite     hold60 n10,0.0578322025325293,0.027726633981381976,-0.1449709402187367,0.3428117666679083,False
liq=all    rank=composite     hold60 n20,0.06683718860851062,0.09386265529290316,-0.15906803737140174,0.7070665210066727,False
