max_hold,ceiling,cash_floor,rank_by,rules,train_cagr,train_dd,train_sharpe,trades
20,20,0.0,pct_vs_sma50,none,0.27366441729345725,-0.2764508328864944,1.2195181318591983,710
60,5,0.0,mom20,none,0.2420176327898309,-0.20347205109889122,1.4066178132319747,129
20,10,0.0,mom20,none,0.23489523712665927,-0.1749006501876601,1.267685609679773,511
40,20,0.0,mom20,none,0.22755866739879393,-0.2507609081754113,1.1340068228577826,446
60,20,0.15,mom20,none,0.21490048023087627,-0.2521759586625004,1.2377894053865284,295
20,10,0.0,pct_vs_sma50,none,0.20799532243171992,-0.2804472941382352,0.980714703058571,540
60,5,0.15,mom20,none,0.20448557974255688,-0.20264554567072535,1.2766326008717852,130
20,10,0.15,mom20,none,0.19913563539601475,-0.17657098706013075,1.241008722474594,474
60,10,0.0,mom20,none,0.19277757444839216,-0.2921243035537133,1.0363479682139336,249
20,20,0.0,mom20,none,0.19128802724689176,-0.19159391916922086,1.0890563824794166,619
20,20,0.15,mom20,none,0.18796572293826386,-0.16396912217321724,1.182301951806075,564
20,20,0.15,pct_vs_sma50,none,0.18728114288028763,-0.2710352638478386,0.9973097038187485,614
60,10,0.15,mom20,none,0.18434117305891573,-0.24792794849150313,1.0884335164396675,237
60,20,0.0,mom20,none,0.17696199272238422,-0.2757188825265169,0.9518947495577941,358
20,5,0.0,pct_vs_sma50,none,0.17108974874707616,-0.2502676767951415,1.0927478901047765,248
20,10,0.15,pct_vs_sma50,none,0.16571665794547497,-0.3494919337145974,0.8847939808407161,503
20,5,0.15,pct_vs_sma50,none,0.162796927715408,-0.2496290580176278,1.0525972304825828,248
60,20,0.0,pct_vs_sma50,none,0.16043613737403617,-0.3097315784087915,0.8793186969796147,339
20,5,0.0,mom20,none,0.15437155940756964,-0.181973093065817,0.9803740094625791,299
40,5,0.15,composite,none,0.14170581171208796,-0.1840464170613063,1.2110118488365393,148
40,20,0.15,mom20,none,0.13955625242593683,-0.22113674808833161,0.8413815643204311,401
40,20,0.0,composite,none,0.1370486165375726,-0.18334038982652923,1.0670894974290328,381
60,10,0.0,pct_vs_sma50,none,0.13513525526857872,-0.2891106177017654,0.7502371460818408,226
40,10,0.0,composite,none,0.12960912923534718,-0.25779304565133876,0.8907145322208772,274
40,5,0.0,composite,none,0.12480301362802892,-0.1870135417716161,1.0417522998237272,150
20,5,0.15,mom20,none,0.12271294947243239,-0.17284347175210857,0.8436445472646669,300
40,10,0.0,mom20,none,0.12047028852667929,-0.2834014444475873,0.7175328212803436,322
40,20,0.15,composite,none,0.11839897291631929,-0.1444149180391383,1.0764490741368542,314
40,10,0.15,composite,none,0.10819516331728352,-0.2113722193706804,0.9877237962781416,254
40,10,0.15,mom20,none,0.10805558868976561,-0.25162159695691844,0.6704564281610775,311
60,10,0.15,pct_vs_sma50,none,0.10586573847198211,-0.28493703962001016,0.6647208591456061,226
40,5,0.15,mom20,none,0.09820894016150339,-0.2846075731928397,0.6669671752361733,181
40,20,0.0,pct_vs_sma50,none,0.09289899208361341,-0.3029438976284803,0.5380888000287055,459
40,5,0.0,pct_vs_sma50,none,0.09172665779832645,-0.15578876601896485,0.6885901624266983,134
40,10,0.0,pct_vs_sma50,none,0.08939766880166422,-0.2777600131856186,0.5384626705078888,302
40,5,0.15,pct_vs_sma50,none,0.08557833239623758,-0.15494579570177336,0.6569200201186193,134
40,5,0.0,mom20,none,0.08504299868124643,-0.3032807569809586,0.5680260181745863,182
60,20,0.15,pct_vs_sma50,none,0.08281695256768584,-0.22122320812457785,0.5791711766614419,311
20,20,0.0,composite,none,0.08185677346376719,-0.14231813544968508,0.6901474356833591,498
60,5,0.0,pct_vs_sma50,none,0.08008020835610452,-0.19665624773886659,0.5960481118367463,105
20,20,0.15,composite,none,0.07622760028002351,-0.12721121424205373,0.7359944339740638,482
60,5,0.15,pct_vs_sma50,none,0.07337356122573646,-0.1961224351601355,0.562998943968757,106
60,20,0.0,composite,none,0.06683718860851062,-0.12387311109423149,0.633600312871149,245
60,20,0.15,composite,none,0.06476481879992901,-0.12227397998107303,0.648499250195426,226
60,10,0.15,mom20,live,0.06347787421449591,-0.09852769230692693,1.0316436948642898,79
60,20,0.15,mom20,live,0.06317698636911406,-0.0985170500450383,1.027329178500118,84
60,10,0.0,low_vol,live,0.06290526697597643,-0.09309688020193785,0.9699967190630701,77
60,20,0.0,low_vol,live,0.06290030154794257,-0.09310824357189096,0.969919712886585,77
60,20,0.0,pct_vs_sma50,live,0.06284408823304699,-0.13261880996181463,0.7846287299898251,124
60,20,0.15,pct_vs_sma50,live,0.059964673321157846,-0.14449840541404702,0.8005855314920375,118
20,10,0.0,composite,none,0.05880912552489681,-0.207423670170642,0.5322532158009936,412
60,10,0.0,composite,none,0.0578322025325293,-0.1543573060593214,0.5433191964583283,180
20,10,0.15,composite,none,0.05761342440514672,-0.13102361646558203,0.5750110913140201,373
40,10,0.0,low_vol,live,0.056171240501144526,-0.07700253006106783,0.9567626420971461,117
40,20,0.0,low_vol,live,0.056116607312691524,-0.07700113512938933,0.9558522324175354,115
60,10,0.15,composite,none,0.05477103379537773,-0.14766906897550292,0.5376323665579467,151
60,10,0.0,mom20,live,0.05309563928039385,-0.0874495908512748,0.8742237352683885,75
60,20,0.0,mom20,live,0.052612109137877505,-0.08725679618422344,0.8667536687306246,90
60,5,0.15,composite,live,0.05240352271907023,-0.07490723303352975,0.8763141647198249,43
40,20,0.0,low_vol,none,0.05054481619136486,-0.0914603715213197,0.8500900614670456,232
40,5,0.0,low_vol,live,0.05038725224956564,-0.07777086887204443,0.8273858170953533,79
60,20,0.15,low_vol,live,0.04961250264770034,-0.08529926869474269,0.8903030444002528,74
60,10,0.15,low_vol,live,0.04931092943633808,-0.08696358464947906,0.8862648151490572,60
60,5,0.15,mom20,live,0.048462205699000505,-0.08346987419590357,0.9149523441269708,43
60,5,0.15,low_vol,live,0.04792261671959208,-0.0789919583576505,0.8828730334060921,44
60,10,0.0,pct_vs_sma50,live,0.04556486828537065,-0.15023783061547769,0.5903162870443665,116
60,5,0.0,mom20,live,0.04519221936682061,-0.0877392445399866,0.7544768286680541,59
60,10,0.15,pct_vs_sma50,live,0.04430979182473016,-0.137313129778168,0.5991771260843339,111
40,5,0.15,low_vol,live,0.04353104526632112,-0.06688638505990652,0.7670767979149894,73
60,10,0.15,composite,live,0.04233994493762583,-0.06911971661134686,0.8601797790304132,64
60,20,0.15,composite,live,0.04231273241464417,-0.06911971661134686,0.8595850327135625,64
60,5,0.0,low_vol,live,0.040528018233904284,-0.07435725309350705,0.7938961671267619,44
40,10,0.15,pct_vs_sma50,none,0.03939750620893867,-0.27885439300183534,0.3035629201465915,299
40,20,0.15,pct_vs_sma50,none,0.03706571790128432,-0.22259405326018178,0.30468773587324377,373
20,5,0.15,low_vol,live,0.03550812877984111,-0.09728996216114905,0.5079988208812041,171
20,20,0.15,low_vol,live,0.0347427699102989,-0.09716338312880546,0.4961515766681154,182
20,10,0.15,low_vol,live,0.0347427699102989,-0.09716338312880546,0.4961515766681154,182
60,5,0.0,composite,none,0.0347305501355577,-0.23928176475744556,0.36059337199884683,97
40,10,0.15,low_vol,live,0.03346371759850708,-0.06109609440771502,0.7085452417016003,66
40,20,0.15,low_vol,live,0.033455017262714604,-0.061098990151841726,0.7083513223816824,67
60,10,0.0,composite,live,0.03345152736870438,-0.06358446859182754,0.718068982292253,50
60,20,0.0,composite,live,0.033351789201374604,-0.06358446859182754,0.7159257226901583,57
20,5,0.15,composite,none,0.03300358970762729,-0.20452972020410298,0.31914911830238124,302
20,10,0.15,low_vol,none,0.03099396874301652,-0.11700311135268504,0.43451680126152886,238
60,5,0.0,pct_vs_sma50,live,0.02996137977869151,-0.12225459903969493,0.4883975148328793,65
60,5,0.15,composite,none,0.028720691583579816,-0.19595978713247764,0.3486616261795812,97
60,5,0.15,pct_vs_sma50,live,0.026758699678681053,-0.14222972288951619,0.475299944138559,78
20,20,0.0,low_vol,live,0.0249312138046478,-0.12338971163488799,0.34145611664500014,204
20,10,0.0,low_vol,live,0.0249312138046478,-0.12338971163488799,0.34145611664500014,204
20,5,0.0,low_vol,live,0.02289333859729048,-0.13829259650375714,0.31747881100327124,182
60,5,0.0,composite,live,0.01886003532849312,-0.07582464949718437,0.4326424962562467,35
60,10,0.0,low_vol,none,0.018666291237110944,-0.06922318073360478,0.4919696867150927,107
20,5,0.15,composite,live,0.017293698952482783,-0.09191327340933086,0.29479086042853775,142
20,20,0.15,composite,live,0.01715420802538592,-0.09214357058547751,0.29273602853880093,172
20,10,0.15,composite,live,0.01715420802538592,-0.09214357058547751,0.29273602853880093,172
40,5,0.15,composite,live,0.016846526179651544,-0.0933443838314908,0.3342315956217643,65
40,20,0.0,mom20,live,0.016449831904362444,-0.08818478485706205,0.32957456439769567,100
40,10,0.0,mom20,live,0.016374074957160145,-0.08818478485706205,0.32877310418652494,84
40,5,0.0,composite,live,0.015738406204552025,-0.10019752599468035,0.3040694077882269,50
40,5,0.0,mom20,live,0.013524849939818617,-0.0913369150542841,0.2604587918224121,65
20,20,0.0,low_vol,none,0.013522033085360485,-0.17799908838415157,0.18784137858418748,452
20,10,0.0,composite,live,0.013309669907681565,-0.11984936509429545,0.21294877667458498,198
20,20,0.0,composite,live,0.013293991582780773,-0.11984936509429545,0.21274652832799776,197
40,5,0.0,pct_vs_sma50,live,0.012533844194668742,-0.07462987062102233,0.2580436021245956,50
40,5,0.15,pct_vs_sma50,live,0.012339705520663546,-0.0684024287421503,0.29358294038122673,43
20,5,0.0,composite,live,0.012142284291331462,-0.11973383240340452,0.19721916239047171,164
40,10,0.0,composite,live,0.011941287201908679,-0.1042991016651671,0.2512289864114166,71
40,20,0.0,composite,live,0.011941287201908679,-0.1042991016651671,0.2512289864114166,71
60,10,0.15,low_vol,none,0.011030394166915203,-0.046496364701076986,0.42065334233971335,102
60,5,0.0,low_vol,none,0.010750884976477026,-0.07595309763803071,0.32345690675644756,38
60,20,0.0,low_vol,none,0.008664971647005748,-0.027670442005630402,0.4969448788110484,72
40,5,0.15,mom20,live,0.008596771623315735,-0.09158495174182213,0.19339382056485296,59
20,5,0.15,mom20,live,0.00827633943873951,-0.1086808204559978,0.15221784460008975,154
20,5,0.0,composite,none,0.006913531742238188,-0.30988331846639294,0.1193390705706775,304
40,10,0.0,pct_vs_sma50,live,0.00685045425853037,-0.08264487504097562,0.16508316013218155,78
40,20,0.0,pct_vs_sma50,live,0.006825769378168145,-0.08264487504097562,0.1645778669907691,79
20,5,0.0,low_vol,none,0.0067371075150020054,-0.12195293901044657,0.14973003485826386,193
20,20,0.15,mom20,live,0.0034163165009450935,-0.12353925413537215,0.08297071217088572,206
20,10,0.15,mom20,live,0.0034163165009450935,-0.12353925413537215,0.08297071217088572,206
60,20,0.15,low_vol,none,0.0029926248975435943,-0.07718818900902413,0.10101073240530785,149
40,20,0.15,low_vol,none,0.0008907515614737793,-0.04767206978387273,0.0430128682209363,196
40,10,0.0,low_vol,none,0.0001902881304571835,-0.07517581099337522,0.021575987506356704,134
60,5,0.15,low_vol,none,0.00013687998356592956,-0.06424252271526787,0.01802463470875141,55
40,20,0.15,pct_vs_sma50,live,-0.00046079817334776507,-0.0761736698009311,0.009168532440946073,60
40,10,0.15,pct_vs_sma50,live,-0.00046079817334776507,-0.0761736698009311,0.009168532440946073,60
20,10,0.15,pct_vs_sma50,live,-0.00048543766647979325,-0.14975884420828722,0.032560600907539844,196
20,20,0.15,low_vol,none,-0.000602357457581304,-0.1864531703381811,0.02838375700293157,299
20,20,0.15,pct_vs_sma50,live,-0.000760247491765953,-0.14978878193652312,0.02900428047518775,194
40,5,0.15,low_vol,none,-0.0008316569202200252,-0.04321498386516365,-0.021396458564083825,64
40,20,0.15,composite,live,-0.0010779560035951707,-0.10803469689150658,-0.0015159908407496438,57
40,10,0.15,composite,live,-0.0010779560035951707,-0.10803469689150658,-0.0015159908407496438,57
40,10,0.15,mom20,live,-0.0011280498380110693,-0.09150853141165682,-0.0038516883144693063,59
40,20,0.15,mom20,live,-0.0011280498380110693,-0.09150853141165682,-0.0038516883144693063,59
40,10,0.15,low_vol,none,-0.002628309779772575,-0.04095267279179615,-0.0982166789714253,109
20,5,0.15,low_vol,none,-0.003444331496194275,-0.09899391229842258,-0.04502975885937572,142
40,5,0.0,low_vol,none,-0.0034863094823909258,-0.06682770878660627,-0.10673852982472021,92
20,20,0.0,pct_vs_sma50,live,-0.00723435255233007,-0.18868235967297708,-0.04196692316716082,218
20,10,0.0,pct_vs_sma50,live,-0.00723435255233007,-0.18868235967297708,-0.04196692316716082,218
20,10,0.0,low_vol,none,-0.008213179032701023,-0.1247745405642986,-0.12792813980217693,265
20,5,0.15,pct_vs_sma50,live,-0.009968635516695135,-0.16189890599373213,-0.0940402182717411,169
20,5,0.0,mom20,live,-0.011392179634452604,-0.16665991246475254,-0.10295379698759655,165
20,10,0.0,mom20,live,-0.015137169361236102,-0.1654289030313324,-0.1317386817288109,219
20,20,0.0,mom20,live,-0.015139137611071773,-0.16543803345740082,-0.13175993342619186,219
20,5,0.0,pct_vs_sma50,live,-0.015904996379220604,-0.1851360663439069,-0.14468460788158075,158
