signal,train_pp,train_t,test_pp,test_t,clears_both,train_dates,test_dates
mom_12_1_riskadj,0.3314574167647363,0.4611673344923021,1.178591277407388,1.3822794528391782,False,240,252
log_dollar_vol,0.2750983382890862,0.5989336208982832,1.1700319068670633,2.222122082461757,False,277,252
pct_vs_sma50,0.9556987000340287,1.5652084666234771,1.161919636701266,2.157218172127,False,277,252
near_60d,-0.34678009517288133,-0.6589848816943563,0.754345810476478,1.3431358172505612,False,277,252
rank_near_high,-0.3211586050332798,-0.6179403714514206,0.7020950133314707,1.2622113774970214,False,277,252
mom20,0.0645576860004742,0.14124834730613195,0.6421174316038031,1.595951883499923,False,277,252
rank_low_vol,-1.3036615545356958,-2.0259687826913684,0.5329109852174705,0.7179804285360782,False,277,252
rank_vol_ratio,-0.0952748020182779,-0.22032417827553974,0.3670225048106536,0.6686817563292395,False,277,252
mom_12_0,0.003978385741683773,0.004829826100876386,0.11618665443605748,0.12468426961994636,False,240,252
near_52w,-0.7212394801171078,-1.0890907292776408,0.08045538763209854,0.12759983711990724,False,240,252
mom_12_1,0.23406531283614507,0.2621442434485557,-0.03471644197158091,-0.03400372199477695,False,240,252
mom_6_1,0.6421035181883638,0.6804870785120336,-0.16355644949844503,-0.189330057410763,False,265,252
rank_vol_5_50,-0.8021271760123329,-1.9950053470523441,-0.17617435281240723,-0.2302542188114326,False,277,252
mom_3_1,1.1141559214010024,1.3012903623351233,-0.6170558002606419,-0.7474484529783819,False,277,252
accel,1.0711733527677088,0.9174947402962107,-2.6697886957088137,-2.533064323677075,False,240,252
